-- MySQL dump 10.13  Distrib 5.5.41, for debian-linux-gnu (i686)
--
-- Host: localhost    Database: connectionru
-- ------------------------------------------------------
-- Server version	5.5.41-0ubuntu0.12.04.1

/*!40101 SET @OLD_CHARACTER_SET_CLIENT=@@CHARACTER_SET_CLIENT */;
/*!40101 SET @OLD_CHARACTER_SET_RESULTS=@@CHARACTER_SET_RESULTS */;
/*!40101 SET @OLD_COLLATION_CONNECTION=@@COLLATION_CONNECTION */;
/*!40101 SET NAMES utf8 */;
/*!40103 SET @OLD_TIME_ZONE=@@TIME_ZONE */;
/*!40103 SET TIME_ZONE='+00:00' */;
/*!40014 SET @OLD_UNIQUE_CHECKS=@@UNIQUE_CHECKS, UNIQUE_CHECKS=0 */;
/*!40014 SET @OLD_FOREIGN_KEY_CHECKS=@@FOREIGN_KEY_CHECKS, FOREIGN_KEY_CHECKS=0 */;
/*!40101 SET @OLD_SQL_MODE=@@SQL_MODE, SQL_MODE='NO_AUTO_VALUE_ON_ZERO' */;
/*!40111 SET @OLD_SQL_NOTES=@@SQL_NOTES, SQL_NOTES=0 */;

--
-- Table structure for table `admin_settings_background`
--

DROP TABLE IF EXISTS `admin_settings_background`;
/*!40101 SET @saved_cs_client     = @@character_set_client */;
/*!40101 SET character_set_client = utf8 */;
CREATE TABLE `admin_settings_background` (
  `id` int(11) NOT NULL AUTO_INCREMENT,
  `name` varchar(255) COLLATE utf8_unicode_ci NOT NULL,
  `path` varchar(255) COLLATE utf8_unicode_ci NOT NULL,
  `is_default` tinyint(1) NOT NULL,
  PRIMARY KEY (`id`)
) ENGINE=InnoDB AUTO_INCREMENT=4 DEFAULT CHARSET=utf8 COLLATE=utf8_unicode_ci;
/*!40101 SET character_set_client = @saved_cs_client */;

--
-- Dumping data for table `admin_settings_background`
--

LOCK TABLES `admin_settings_background` WRITE;
/*!40000 ALTER TABLE `admin_settings_background` DISABLE KEYS */;
INSERT INTO `admin_settings_background` VALUES (1,'53f736c559e4e.png','/uploads/admin/background/53f736c559e4e.png',1),(3,'53f7370eb3d45.jpg','/uploads/admin/background/53f7370eb3d45.jpg',0);
/*!40000 ALTER TABLE `admin_settings_background` ENABLE KEYS */;
UNLOCK TABLES;

--
-- Table structure for table `contact_us`
--

DROP TABLE IF EXISTS `contact_us`;
/*!40101 SET @saved_cs_client     = @@character_set_client */;
/*!40101 SET character_set_client = utf8 */;
CREATE TABLE `contact_us` (
  `id` int(11) NOT NULL AUTO_INCREMENT,
  `name` varchar(50) COLLATE utf8_unicode_ci NOT NULL,
  `email` varchar(50) COLLATE utf8_unicode_ci NOT NULL,
  `subject` varchar(255) COLLATE utf8_unicode_ci NOT NULL,
  `message` varchar(1000) COLLATE utf8_unicode_ci NOT NULL,
  PRIMARY KEY (`id`)
) ENGINE=InnoDB AUTO_INCREMENT=2 DEFAULT CHARSET=utf8 COLLATE=utf8_unicode_ci;
/*!40101 SET character_set_client = @saved_cs_client */;

--
-- Dumping data for table `contact_us`
--

LOCK TABLES `contact_us` WRITE;
/*!40000 ALTER TABLE `contact_us` DISABLE KEYS */;
INSERT INTO `contact_us` VALUES (1,'Customer','customer@mail.ru','Test Subject','Test Message');
/*!40000 ALTER TABLE `contact_us` ENABLE KEYS */;
UNLOCK TABLES;

--
-- Table structure for table `country`
--

DROP TABLE IF EXISTS `country`;
/*!40101 SET @saved_cs_client     = @@character_set_client */;
/*!40101 SET character_set_client = utf8 */;
CREATE TABLE `country` (
  `id` int(11) NOT NULL,
  `iso` varchar(45) NOT NULL,
  `iso3` varchar(45) NOT NULL,
  `fips` varchar(45) NOT NULL,
  `name` varchar(45) NOT NULL,
  `continent` varchar(45) NOT NULL,
  `currency_code` varchar(45) NOT NULL,
  `currency_name` varchar(45) NOT NULL,
  `phone_prefix` varchar(45) NOT NULL,
  `postal_code` varchar(45) NOT NULL,
  `languages` varchar(45) NOT NULL,
  `geonameid` varchar(45) NOT NULL,
  `priority` int(11) DEFAULT NULL,
  PRIMARY KEY (`id`)
) ENGINE=InnoDB DEFAULT CHARSET=utf8;
/*!40101 SET character_set_client = @saved_cs_client */;

--
-- Dumping data for table `country`
--

LOCK TABLES `country` WRITE;
/*!40000 ALTER TABLE `country` DISABLE KEYS */;
INSERT INTO `country` VALUES (4,'AF','AFG','AF','Afghanistan','AS','AFN','Afghani','93','','fa-AF,ps,uz-AF,tk','1149361',NULL),(8,'AL','ALB','AL','Albania','EU','ALL','Lek','355','','sq,el','783754',NULL),(10,'AQ','ATA','AY','Antarctica','AN','','','','','','6697173',NULL),(12,'DZ','DZA','AG','Algeria','AF','DZD','Dinar','213','^(d{5})$','ar-DZ','2589581',NULL),(16,'AS','ASM','AQ','American Samoa','OC','USD','Dollar','+1-684','','en-AS,sm,to','5880801',NULL),(20,'AD','AND','AN','Andorra','EU','EUR','Euro','376','^(?:AD)*(d{3})$','ca,fr-AD,pt','3041565',NULL),(24,'AO','AGO','AO','Angola','AF','AOA','Kwanza','244','','pt-AO','3351879',NULL),(28,'AG','ATG','AC','Antigua and Barbuda','NA','XCD','Dollar','+1-268','','en-AG','3576396',NULL),(31,'AZ','AZE','AJ','Azerbaijan','AS','AZN','Manat','994','^(?:AZ)*(d{4})$','az,ru,hy','587116',NULL),(32,'AR','ARG','AR','Argentina','SA','ARS','Peso','54','^([A-Z]d{4}[A-Z]{3})$','es-AR,en,it,de,fr','3865483',NULL),(36,'AU','AUS','AS','Australia','OC','AUD','Dollar','61','^(d{4})$','en-AU','2077456',40),(40,'AT','AUT','AU','Austria','EU','EUR','Euro','43','^(d{4})$','de-AT,hr,hu,sl','2782113',NULL),(44,'BS','BHS','BF','Bahamas','NA','BSD','Dollar','+1-242','','en-BS','3572887',NULL),(48,'BH','BHR','BA','Bahrain','AS','BHD','Dinar','973','^(d{3}d?)$','ar-BH,en,fa,ur','290291',NULL),(50,'BD','BGD','BG','Bangladesh','AS','BDT','Taka','880','^(d{4})$','bn-BD,en','1210997',NULL),(51,'AM','ARM','AM','Armenia','AS','AMD','Dram','374','^(d{6})$','hy','174982',NULL),(52,'BB','BRB','BB','Barbados','NA','BBD','Dollar','+1-246','^(?:BB)*(d{5})$','en-BB','3374084',NULL),(56,'BE','BEL','BE','Belgium','EU','EUR','Euro','32','^(d{4})$','nl-BE,fr-BE,de-BE','2802361',NULL),(60,'BM','BMU','BD','Bermuda','NA','BMD','Dollar','+1-441','^([A-Z]{2}d{2})$','en-BM,pt','3573345',NULL),(64,'BT','BTN','BT','Bhutan','AS','BTN','Ngultrum','975','','dz','1252634',NULL),(68,'BO','BOL','BL','Bolivia','SA','BOB','Boliviano','591','','es-BO,qu,ay','3923057',NULL),(70,'BA','BIH','BK','Bosnia and Herzegovina','EU','BAM','Marka','387','^(d{5})$','bs,hr-BA,sr-BA','3277605',NULL),(72,'BW','BWA','BC','Botswana','AF','BWP','Pula','267','','en-BW,tn-BW','933860',NULL),(74,'BV','BVT','BV','Bouvet Island','AN','NOK','Krone','','','','3371123',NULL),(76,'BR','BRA','BR','Brazil','SA','BRL','Real','55','^(d{8})$','pt-BR,es,en,fr','3469034',30),(84,'BZ','BLZ','BH','Belize','NA','BZD','Dollar','501','','en-BZ,es','3582678',NULL),(86,'IO','IOT','IO','British Indian Ocean Territory','AS','USD','Dollar','246','','en-IO','1282588',NULL),(90,'SB','SLB','BP','Solomon Islands','OC','SBD','Dollar','677','','en-SB,tpi','2103350',NULL),(92,'VG','VGB','VI','British Virgin Islands','NA','USD','Dollar','+1-284','','en-VG','3577718',NULL),(96,'BN','BRN','BX','Brunei','AS','BND','Dollar','673','^([A-Z]{2}d{4})$','ms-BN,en-BN','1820814',NULL),(100,'BG','BGR','BU','Bulgaria','EU','BGN','Lev','359','^(d{4})$','bg,tr-BG','732800',NULL),(104,'MM','MMR','BM','Myanmar','AS','MMK','Kyat','95','^(d{5})$','my','1327865',NULL),(108,'BI','BDI','BY','Burundi','AF','BIF','Franc','257','','fr-BI,rn','433561',NULL),(112,'BY','BLR','BO','Belarus','EU','BYR','Ruble','375','^(d{6})$','be,ru','630336',NULL),(116,'KH','KHM','CB','Cambodia','AS','KHR','Riels','855','^(d{5})$','km,fr,en','1831722',NULL),(120,'CM','CMR','CM','Cameroon','AF','XAF','Franc','237','','en-CM,fr-CM','2233387',NULL),(124,'CA','CAN','CA','Canada','NA','CAD','Dollar','1','^([a-zA-Z]d[a-zA-Z]d[a-zA-Z]d)$','en-CA,fr-CA','6251999',100),(132,'CV','CPV','CV','Cape Verde','AF','CVE','Escudo','238','^(d{4})$','pt-CV','3374766',NULL),(136,'KY','CYM','CJ','Cayman Islands','NA','KYD','Dollar','+1-345','','en-KY','3580718',NULL),(140,'CF','CAF','CT','Central African Republic','AF','XAF','Franc','236','','fr-CF,ln,kg','239880',NULL),(144,'LK','LKA','CE','Sri Lanka','AS','LKR','Rupee','94','^(d{5})$','si,ta,en','1227603',NULL),(148,'TD','TCD','CD','Chad','AF','XAF','Franc','235','','fr-TD,ar-TD,sre','2434508',NULL),(152,'CL','CHL','CI','Chile','SA','CLP','Peso','56','^(d{7})$','es-CL','3895114',NULL),(156,'CN','CHN','CH','China','AS','CNY','Yuan Renminbi','86','^(d{6})$','zh-CN,yue,wuu','1814991',NULL),(158,'TW','TWN','TW','Taiwan','AS','TWD','Dollar','886','^(d{5})$','zh-TW,zh,nan,hak','1668284',NULL),(162,'CX','CXR','KT','Christmas Island','AS','AUD','Dollar','61','^(d{4})$','en,zh,ms-CC','2078138',NULL),(166,'CC','CCK','CK','Cocos Islands','AS','AUD','Dollar','61','','ms-CC,en','1547376',NULL),(170,'CO','COL','CO','Colombia','SA','COP','Peso','57','','es-CO','3686110',NULL),(174,'KM','COM','CN','Comoros','AF','KMF','Franc','269','','ar,fr-KM','921929',NULL),(175,'YT','MYT','MF','Mayotte','AF','EUR','Euro','269','^(d{5})$','fr-YT','1024031',NULL),(178,'CG','COG','CF','Republic of the Congo','AF','XAF','Franc','242','','fr-CG,kg,ln-CG','2260494',NULL),(180,'CD','COD','CG','Democratic Republic of the Congo','AF','CDF','Franc','243','','fr-CD,ln,kg','203312',NULL),(184,'CK','COK','CW','Cook Islands','OC','NZD','Dollar','682','','en-CK,mi','1899402',NULL),(188,'CR','CRI','CS','Costa Rica','NA','CRC','Colon','506','^(d{4})$','es-CR,en','3624060',NULL),(191,'HR','HRV','HR','Croatia','EU','HRK','Kuna','385','^(?:HR)*(d{5})$','hr-HR,sr','3202326',NULL),(192,'CU','CUB','CU','Cuba','NA','CUP','Peso','53','^(?:CP)*(d{5})$','es-CU','3562981',NULL),(196,'CY','CYP','CY','Cyprus','EU','EUR','Euro','357','^(d{4})$','el-CY,tr-CY,en','146669',NULL),(203,'CZ','CZE','EZ','Czech Republic','EU','CZK','Koruna','420','^(d{5})$','cs,sk','3077311',NULL),(204,'BJ','BEN','BN','Benin','AF','XOF','Franc','229','','fr-BJ','2395170',NULL),(208,'DK','DNK','DA','Denmark','EU','DKK','Krone','45','^(d{4})$','da-DK,en,fo,de-DK','2623032',50),(212,'DM','DMA','DO','Dominica','NA','XCD','Dollar','+1-767','','en-DM','3575830',NULL),(214,'DO','DOM','DR','Dominican Republic','NA','DOP','Peso','+1-809 and 1-829','^(d{5})$','es-DO','3508796',NULL),(218,'EC','ECU','EC','Ecuador','SA','USD','Dollar','593','^([a-zA-Z]d{4}[a-zA-Z])$','es-EC','3658394',NULL),(222,'SV','SLV','ES','El Salvador','NA','USD','Dollar','503','^(?:CP)*(d{4})$','es-SV','3585968',NULL),(226,'GQ','GNQ','EK','Equatorial Guinea','AF','XAF','Franc','240','','es-GQ,fr','2309096',NULL),(231,'ET','ETH','ET','Ethiopia','AF','ETB','Birr','251','^(d{4})$','am,en-ET,om-ET,ti-ET,so-ET,sid','337996',NULL),(232,'ER','ERI','ER','Eritrea','AF','ERN','Nakfa','291','','aa-ER,ar,tig,kun,ti-ER','338010',NULL),(233,'EE','EST','EN','Estonia','EU','EEK','Kroon','372','^(d{5})$','et,ru','453733',NULL),(234,'FO','FRO','FO','Faroe Islands','EU','DKK','Krone','298','^(?:FO)*(d{3})$','fo,da-FO','2622320',NULL),(238,'FK','FLK','FK','Falkland Islands','SA','FKP','Pound','500','','en-FK','3474414',NULL),(239,'GS','SGS','SX','South Georgia and the South Sandwich Islands','AN','GBP','Pound','','','en','3474415',NULL),(242,'FJ','FJI','FJ','Fiji','OC','FJD','Dollar','679','','en-FJ,fj','2205218',NULL),(246,'FI','FIN','FI','Finland','EU','EUR','Euro','358','^(?:FI)*(d{5})$','fi-FI,sv-FI,smn','660013',NULL),(248,'AX','ALA','','Aland Islands','EU','EUR','Euro','+358-18','','sv-AX','661882',NULL),(250,'FR','FRA','FR','France','EU','EUR','Euro','33','^(d{5})$','fr-FR,frp,br,co,ca,eu','3017382',70),(254,'GF','GUF','FG','French Guiana','SA','EUR','Euro','594','^((97)|(98)3d{2})$','fr-GF','3381670',NULL),(258,'PF','PYF','FP','French Polynesia','OC','XPF','Franc','689','^((97)|(98)7d{2})$','fr-PF,ty','4020092',NULL),(260,'TF','ATF','FS','French Southern Territories','AN','EUR','Euro  ','','','fr','1546748',NULL),(262,'DJ','DJI','DJ','Djibouti','AF','DJF','Franc','253','','fr-DJ,ar,so-DJ,aa','223816',NULL),(266,'GA','GAB','GB','Gabon','AF','XAF','Franc','241','','fr-GA','2400553',NULL),(268,'GE','GEO','GG','Georgia','AS','GEL','Lari','995','^(d{4})$','ka,ru,hy,az','614540',NULL),(270,'GM','GMB','GA','Gambia','AF','GMD','Dalasi','220','','en-GM,mnk,wof,wo,ff','2413451',NULL),(275,'PS','PSE','WE','Palestinian Territory','AS','ILS','Shekel','970','','ar-PS','6254930',NULL),(276,'DE','DEU','GM','Germany','EU','EUR','Euro','49','^(d{5})$','de','2921044',60),(288,'GH','GHA','GH','Ghana','AF','GHS','Cedi','233','','en-GH,ak,ee,tw','2300660',NULL),(292,'GI','GIB','GI','Gibraltar','EU','GIP','Pound','350','','en-GI,es,it,pt','2411586',NULL),(296,'KI','KIR','KR','Kiribati','OC','AUD','Dollar','686','','en-KI,gil','4030945',NULL),(300,'GR','GRC','GR','Greece','EU','EUR','Euro','30','^(d{5})$','el-GR,en,fr','390903',NULL),(304,'GL','GRL','GL','Greenland','NA','DKK','Krone','299','^(d{4})$','kl,da-GL,en','3425505',NULL),(308,'GD','GRD','GJ','Grenada','NA','XCD','Dollar','+1-473','','en-GD','3580239',NULL),(312,'GP','GLP','GP','Guadeloupe','NA','EUR','Euro','590','^((97)|(98)d{3})$','fr-GP','3579143',NULL),(316,'GU','GUM','GQ','Guam','OC','USD','Dollar','+1-671','^(969d{2})$','en-GU,ch-GU','4043988',NULL),(320,'GT','GTM','GT','Guatemala','NA','GTQ','Quetzal','502','^(d{5})$','es-GT','3595528',NULL),(324,'GN','GIN','GV','Guinea','AF','GNF','Franc','224','','fr-GN','2420477',NULL),(328,'GY','GUY','GY','Guyana','SA','GYD','Dollar','592','','en-GY','3378535',NULL),(332,'HT','HTI','HA','Haiti','NA','HTG','Gourde','509','^(?:HT)*(d{4})$','ht,fr-HT','3723988',NULL),(334,'HM','HMD','HM','Heard Island and McDonald Islands','AN','AUD','Dollar',' ','','','1547314',NULL),(336,'VA','VAT','VT','Vatican','EU','EUR','Euro','379','','la,it,fr','3164670',NULL),(340,'HN','HND','HO','Honduras','NA','HNL','Lempira','504','^([A-Z]{2}d{4})$','es-HN','3608932',NULL),(344,'HK','HKG','HK','Hong Kong','AS','HKD','Dollar','852','','zh-HK,yue,zh,en','1819730',NULL),(348,'HU','HUN','HU','Hungary','EU','HUF','Forint','36','^(d{4})$','hu-HU','719819',NULL),(352,'IS','ISL','IC','Iceland','EU','ISK','Krona','354','^(d{3})$','is,en,de,da,sv,no','2629691',NULL),(356,'IN','IND','IN','India','AS','INR','Rupee','91','^(d{6})$','en-IN,hi,bn,te,mr,ta,ur,gu,ml,kn,or,pa,as,ks,','1269750',NULL),(360,'ID','IDN','ID','Indonesia','AS','IDR','Rupiah','62','^(d{5})$','id,en,nl,jv','1643084',NULL),(364,'IR','IRN','IR','Iran','AS','IRR','Rial','98','^(d{10})$','fa-IR,ku','130758',NULL),(368,'IQ','IRQ','IZ','Iraq','AS','IQD','Dinar','964','^(d{5})$','ar-IQ,ku,hy','99237',NULL),(372,'IE','IRL','EI','Ireland','EU','EUR','Euro','353','','en-IE,ga-IE','2963597',NULL),(376,'IL','ISR','IS','Israel','AS','ILS','Shekel','972','^(d{5})$','he,ar-IL,en-IL,','294640',NULL),(380,'IT','ITA','IT','Italy','EU','EUR','Euro','39','^(d{5})$','it-IT,de-IT,fr-IT,sl','3175395',80),(384,'CI','CIV','IV','Ivory Coast','AF','XOF','Franc','225','','fr-CI','2287781',NULL),(388,'JM','JAM','JM','Jamaica','NA','JMD','Dollar','+1-876','','en-JM','3489940',NULL),(392,'JP','JPN','JA','Japan','AS','JPY','Yen','81','^(d{7})$','ja','1861060',NULL),(398,'KZ','KAZ','KZ','Kazakhstan','AS','KZT','Tenge','7','^(d{6})$','kk,ru','1522867',NULL),(400,'JO','JOR','JO','Jordan','AS','JOD','Dinar','962','^(d{5})$','ar-JO,en','248816',NULL),(404,'KE','KEN','KE','Kenya','AF','KES','Shilling','254','^(d{5})$','en-KE,sw-KE','192950',NULL),(408,'KP','PRK','KN','North Korea','AS','KPW','Won','850','^(d{6})$','ko-KP','1873107',NULL),(410,'KR','KOR','KS','South Korea','AS','KRW','Won','82','^(?:SEOUL)*(d{6})$','ko-KR,en','1835841',NULL),(414,'KW','KWT','KU','Kuwait','AS','KWD','Dinar','965','^(d{5})$','ar-KW,en','285570',NULL),(417,'KG','KGZ','KG','Kyrgyzstan','AS','KGS','Som','996','^(d{6})$','ky,uz,ru','1527747',NULL),(418,'LA','LAO','LA','Laos','AS','LAK','Kip','856','^(d{5})$','lo,fr,en','1655842',NULL),(422,'LB','LBN','LE','Lebanon','AS','LBP','Pound','961','^(d{4}(d{4})?)$','ar-LB,fr-LB,en,hy','272103',NULL),(426,'LS','LSO','LT','Lesotho','AF','LSL','Loti','266','^(d{3})$','en-LS,st,zu,xh','932692',NULL),(428,'LV','LVA','LG','Latvia','EU','LVL','Lat','371','^(?:LV)*(d{4})$','lv,ru,lt','458258',NULL),(430,'LR','LBR','LI','Liberia','AF','LRD','Dollar','231','^(d{4})$','en-LR','2275384',NULL),(434,'LY','LBY','LY','Libya','AF','LYD','Dinar','218','','ar-LY,it,en','2215636',NULL),(438,'LI','LIE','LS','Liechtenstein','EU','CHF','Franc','423','^(d{4})$','de-LI','3042058',NULL),(440,'LT','LTU','LH','Lithuania','EU','LTL','Litas','370','^(?:LT)*(d{5})$','lt,ru,pl','597427',NULL),(442,'LU','LUX','LU','Luxembourg','EU','EUR','Euro','352','^(d{4})$','lb,de-LU,fr-LU','2960313',NULL),(446,'MO','MAC','MC','Macao','AS','MOP','Pataca','853','','zh,zh-MO','1821275',NULL),(450,'MG','MDG','MA','Madagascar','AF','MGA','Ariary','261','^(d{3})$','fr-MG,mg','1062947',NULL),(454,'MW','MWI','MI','Malawi','AF','MWK','Kwacha','265','','ny,yao,tum,swk','927384',NULL),(458,'MY','MYS','MY','Malaysia','AS','MYR','Ringgit','60','^(d{5})$','ms-MY,en,zh,ta,te,ml,pa,th','1733045',NULL),(462,'MV','MDV','MV','Maldives','AS','MVR','Rufiyaa','960','^(d{5})$','dv,en','1282028',NULL),(466,'ML','MLI','ML','Mali','AF','XOF','Franc','223','','fr-ML,bm','2453866',NULL),(470,'MT','MLT','MT','Malta','EU','EUR','Euro','356','^([A-Z]{3}d{2}d?)$','mt,en-MT','2562770',NULL),(474,'MQ','MTQ','MB','Martinique','NA','EUR','Euro','596','^(d{5})$','fr-MQ','3570311',NULL),(478,'MR','MRT','MR','Mauritania','AF','MRO','Ouguiya','222','','ar-MR,fuc,snk,fr,mey,wo','2378080',NULL),(480,'MU','MUS','MP','Mauritius','AF','MUR','Rupee','230','','en-MU,bho,fr','934292',NULL),(484,'MX','MEX','MX','Mexico','NA','MXN','Peso','52','^(d{5})$','es-MX','3996063',NULL),(492,'MC','MCO','MN','Monaco','EU','EUR','Euro','377','^(d{5})$','fr-MC,en,it','2993457',30),(496,'MN','MNG','MG','Mongolia','AS','MNT','Tugrik','976','^(d{6})$','mn,ru','2029969',NULL),(498,'MD','MDA','MD','Moldova','EU','MDL','Leu','373','^(?:MD)*(d{4})$','ro,ru,gag,tr','617790',NULL),(499,'ME','MNE','MJ','Montenegro','EU','EUR','Euro','381','^(d{5})$','sr,hu,bs,sq,hr,rom','3194884',NULL),(500,'MS','MSR','MH','Montserrat','NA','XCD','Dollar','+1-664','','en-MS','3578097',NULL),(504,'MA','MAR','MO','Morocco','AF','MAD','Dirham','212','^(d{5})$','ar-MA,fr','2542007',NULL),(508,'MZ','MOZ','MZ','Mozambique','AF','MZN','Meticail','258','^(d{4})$','pt-MZ,vmw','1036973',NULL),(512,'OM','OMN','MU','Oman','AS','OMR','Rial','968','^(d{3})$','ar-OM,en,bal,ur','286963',NULL),(516,'NA','NAM','WA','Namibia','AF','NAD','Dollar','264','','en-NA,af,de,hz,naq','3355338',NULL),(520,'NR','NRU','NR','Nauru','OC','AUD','Dollar','674','','na,en-NR','2110425',NULL),(524,'NP','NPL','NP','Nepal','AS','NPR','Rupee','977','^(d{5})$','ne,en','1282988',NULL),(528,'NL','NLD','NL','Netherlands','EU','EUR','Euro','31','^(d{4}[A-Z]{2})$','nl-NL,fy-NL','2750405',NULL),(530,'AN','ANT','NT','Netherlands Antilles','NA','ANG','Guilder','599','','nl-AN,en,es','3513447',NULL),(533,'AW','ABW','AA','Aruba','NA','AWG','Guilder','297','','nl-AW,es,en','3577279',NULL),(540,'NC','NCL','NC','New Caledonia','OC','XPF','Franc','687','^(d{5})$','fr-NC','2139685',NULL),(548,'VU','VUT','NH','Vanuatu','OC','VUV','Vatu','678','','bi,en-VU,fr-VU','2134431',NULL),(554,'NZ','NZL','NZ','New Zealand','OC','NZD','Dollar','64','^(d{4})$','en-NZ,mi','2186224',NULL),(558,'NI','NIC','NU','Nicaragua','NA','NIO','Cordoba','505','^(d{7})$','es-NI,en','3617476',NULL),(562,'NE','NER','NG','Niger','AF','XOF','Franc','227','^(d{4})$','fr-NE,ha,kr,dje','2440476',NULL),(566,'NG','NGA','NI','Nigeria','AF','NGN','Naira','234','^(d{6})$','en-NG,ha,yo,ig,ff','2328926',NULL),(570,'NU','NIU','NE','Niue','OC','NZD','Dollar','683','','niu,en-NU','4036232',NULL),(574,'NF','NFK','NF','Norfolk Island','OC','AUD','Dollar','672','','en-NF','2155115',NULL),(578,'NO','NOR','NO','Norway','EU','NOK','Krone','47','^(d{4})$','no,nb,nn','3144096',NULL),(580,'MP','MNP','CQ','Northern Mariana Islands','OC','USD','Dollar','+1-670','','fil,tl,zh,ch-MP,en-MP','4041467',NULL),(581,'UM','UMI','','United States Minor Outlying Islands','OC','USD','Dollar ','','','en-UM','5854968',NULL),(583,'FM','FSM','FM','Micronesia','OC','USD','Dollar','691','^(d{5})$','en-FM,chk,pon,yap,kos,uli,woe,nkr,kpg','2081918',NULL),(584,'MH','MHL','RM','Marshall Islands','OC','USD','Dollar','692','','mh,en-MH','2080185',NULL),(585,'PW','PLW','PS','Palau','OC','USD','Dollar','680','^(96940)$','pau,sov,en-PW,tox,ja,fil,zh','1559582',NULL),(586,'PK','PAK','PK','Pakistan','AS','PKR','Rupee','92','^(d{5})$','ur-PK,en-PK,pa,sd,ps,brh','1168579',NULL),(591,'PA','PAN','PM','Panama','NA','PAB','Balboa','507','','es-PA,en','3703430',NULL),(598,'PG','PNG','PP','Papua New Guinea','OC','PGK','Kina','675','^(d{3})$','en-PG,ho,meu,tpi','2088628',NULL),(600,'PY','PRY','PA','Paraguay','SA','PYG','Guarani','595','^(d{4})$','es-PY,gn','3437598',NULL),(604,'PE','PER','PE','Peru','SA','PEN','Sol','51','','es-PE,qu,ay','3932488',NULL),(608,'PH','PHL','RP','Philippines','AS','PHP','Peso','63','^(d{4})$','tl,en-PH,fil','1694008',NULL),(612,'PN','PCN','PC','Pitcairn','OC','NZD','Dollar','','','en-PN','4030699',NULL),(616,'PL','POL','PL','Poland','EU','PLN','Zloty','48','^(d{5})$','pl','798544',NULL),(620,'PT','PRT','PO','Portugal','EU','EUR','Euro','351','^(d{7})$','pt-PT,mwl','2264397',NULL),(624,'GW','GNB','PU','Guinea-Bissau','AF','XOF','Franc','245','^(d{4})$','pt-GW,pov','2372248',NULL),(626,'TL','TLS','TT','East Timor','OC','USD','Dollar','670','','tet,pt-TL,id,en','1966436',NULL),(630,'PR','PRI','RQ','Puerto Rico','NA','USD','Dollar','+1-787 and 1-939','^(d{9})$','en-PR,es-PR','4566966',NULL),(634,'QA','QAT','QA','Qatar','AS','QAR','Rial','974','','ar-QA,es','289688',NULL),(638,'RE','REU','RE','Reunion','AF','EUR','Euro','262','^((97)|(98)(4|7|8)d{2})$','fr-RE','935317',NULL),(642,'RO','ROU','RO','Romania','EU','RON','Leu','40','^(d{6})$','ro,hu,rom','798549',NULL),(643,'RU','RUS','RS','Russia','EU','RUB','Ruble','7','^(d{6})$','ru-RU','2017370',10),(646,'RW','RWA','RW','Rwanda','AF','RWF','Franc','250','','rw,en-RW,fr-RW,sw','49518',NULL),(652,'BL','BLM','TB','Saint Barthélemy','NA','EUR','Euro','590','','fr','3578476',NULL),(654,'SH','SHN','SH','Saint Helena','AF','SHP','Pound','290','^(STHL1ZZ)$','en-SH','3370751',NULL),(659,'KN','KNA','SC','Saint Kitts and Nevis','NA','XCD','Dollar','+1-869','','en-KN','3575174',NULL),(660,'AI','AIA','AV','Anguilla','NA','XCD','Dollar','+1-264','','en-AI','3573511',NULL),(662,'LC','LCA','ST','Saint Lucia','NA','XCD','Dollar','+1-758','','en-LC','3576468',NULL),(663,'MF','MAF','RN','Saint Martin','NA','EUR','Euro','590','','fr','3578421',NULL),(666,'PM','SPM','SB','Saint Pierre and Miquelon','NA','EUR','Euro','508','^(97500)$','fr-PM','3424932',NULL),(670,'VC','VCT','VC','Saint Vincent and the Grenadines','NA','XCD','Dollar','+1-784','','en-VC,fr','3577815',NULL),(674,'SM','SMR','SM','San Marino','EU','EUR','Euro','378','^(4789d)$','it-SM','3168068',NULL),(678,'ST','STP','TP','Sao Tome and Principe','AF','STD','Dobra','239','','pt-ST','2410758',NULL),(682,'SA','SAU','SA','Saudi Arabia','AS','SAR','Rial','966','^(d{5})$','ar-SA','102358',NULL),(686,'SN','SEN','SG','Senegal','AF','XOF','Franc','221','^(d{5})$','fr-SN,wo,fuc,mnk','2245662',NULL),(688,'RS','SRB','RB','Serbia','EU','RSD','Dinar','381','^(d{6})$','sr,hu,bs,rom','6290252',NULL),(690,'SC','SYC','SE','Seychelles','AF','SCR','Rupee','248','','en-SC,fr-SC','241170',NULL),(694,'SL','SLE','SL','Sierra Leone','AF','SLL','Leone','232','','en-SL,men,tem','2403846',NULL),(702,'SG','SGP','SN','Singapore','AS','SGD','Dollar','65','^(d{6})$','cmn,en-SG,ms-SG,ta-SG,zh-SG','1880251',NULL),(703,'SK','SVK','LO','Slovakia','EU','EUR','Euro','421','^(d{5})$','sk,hu','3057568',NULL),(704,'VN','VNM','VM','Vietnam','AS','VND','Dong','84','^(d{6})$','vi,en,fr,zh,km','1562822',NULL),(705,'SI','SVN','SI','Slovenia','EU','EUR','Euro','386','^(?:SI)*(d{4})$','sl,sh','3190538',NULL),(706,'SO','SOM','SO','Somalia','AF','SOS','Shilling','252','^([A-Z]{2}d{5})$','so-SO,ar-SO,it,en-SO','51537',NULL),(710,'ZA','ZAF','SF','South Africa','AF','ZAR','Rand','27','^(d{4})$','zu,xh,af,nso,en-ZA,tn,st,ts','953987',NULL),(716,'ZW','ZWE','ZI','Zimbabwe','AF','ZWL','Dollar','263','','en-ZW,sn,nr,nd','878675',NULL),(724,'ES','ESP','SP','Spain','EU','EUR','Euro','34','^(d{5})$','es-ES,ca,gl,eu','2510769',NULL),(732,'EH','ESH','WI','Western Sahara','AF','MAD','Dirham','212','','ar,mey','2461445',NULL),(736,'SD','SDN','SU','Sudan','AF','SDG','Dinar','249','^(d{5})$','ar-SD,en,fia','366755',NULL),(740,'SR','SUR','NS','Suriname','SA','SRD','Dollar','597','','nl-SR,en,srn,hns,jv','3382998',NULL),(744,'SJ','SJM','SV','Svalbard and Jan Mayen','EU','NOK','Krone','47','','no,ru','607072',NULL),(748,'SZ','SWZ','WZ','Swaziland','AF','SZL','Lilangeni','268','^([A-Z]d{3})$','en-SZ,ss-SZ','934841',NULL),(752,'SE','SWE','SW','Sweden','EU','SEK','Krona','46','^(?:SE)*(d{5})$','sv-SE,se,sma,fi-SE','2661886',NULL),(756,'CH','CHE','SZ','Switzerland','EU','CHF','Franc','41','^(d{4})$','de-CH,fr-CH,it-CH,rm','2658434',9),(760,'SY','SYR','SY','Syria','AS','SYP','Pound','963','','ar-SY,ku,hy,arc,fr,en','163843',NULL),(762,'TJ','TJK','TI','Tajikistan','AS','TJS','Somoni','992','^(d{6})$','tg,ru','1220409',NULL),(764,'TH','THA','TH','Thailand','AS','THB','Baht','66','^(d{5})$','th,en','1605651',NULL),(768,'TG','TGO','TO','Togo','AF','XOF','Franc','228','','fr-TG,ee,hna,kbp,dag,ha','2363686',NULL),(772,'TK','TKL','TL','Tokelau','OC','NZD','Dollar','690','','tkl,en-TK','4031074',NULL),(776,'TO','TON','TN','Tonga','OC','TOP','Pa\'anga','676','','to,en-TO','4032283',NULL),(780,'TT','TTO','TD','Trinidad and Tobago','NA','TTD','Dollar','+1-868','','en-TT,hns,fr,es,zh','3573591',NULL),(784,'AE','ARE','AE','United Arab Emirates','AS','AED','Dirham','971','','ar-AE,fa,en,hi,ur','290557',NULL),(788,'TN','TUN','TS','Tunisia','AF','TND','Dinar','216','^(d{4})$','ar-TN,fr','2464461',NULL),(792,'TR','TUR','TU','Turkey','AS','TRY','Lira','90','^(d{5})$','tr-TR,ku,diq,az,av','298795',NULL),(795,'TM','TKM','TX','Turkmenistan','AS','TMT','Manat','993','^(d{6})$','tk,ru,uz','1218197',NULL),(796,'TC','TCA','TK','Turks and Caicos Islands','NA','USD','Dollar','+1-649','^(TKCA 1ZZ)$','en-TC','3576916',NULL),(798,'TV','TUV','TV','Tuvalu','OC','AUD','Dollar','688','','tvl,en,sm,gil','2110297',NULL),(800,'UG','UGA','UG','Uganda','AF','UGX','Shilling','256','','en-UG,lg,sw,ar','226074',NULL),(804,'UA','UKR','UP','Ukraine','EU','UAH','Hryvnia','380','^(d{5})$','uk,ru-UA,rom,pl,hu','690791',NULL),(807,'MK','MKD','MK','Macedonia','EU','MKD','Denar','389','^(d{4})$','mk,sq,tr,rmm,sr','718075',NULL),(818,'EG','EGY','EG','Egypt','AF','EGP','Pound','20','^(d{5})$','ar-EG,en,fr','357994',NULL),(826,'GB','GBR','UK','United Kingdom','EU','GBP','Pound','44','^(([A-Z]d{2}[A-Z]{2})|([A-Z]d{3}[A-Z]{2})|([A','en-GB,cy-GB,gd','2635167',90),(831,'GG','GGY','GK','Guernsey','EU','GBP','Pound','+44-1481','^(([A-Z]d{2}[A-Z]{2})|([A-Z]d{3}[A-Z]{2})|([A','en,fr','3042362',NULL),(832,'JE','JEY','JE','Jersey','EU','GBP','Pound','+44-1534','^(([A-Z]d{2}[A-Z]{2})|([A-Z]d{3}[A-Z]{2})|([A','en,pt','3042142',NULL),(833,'IM','IMN','IM','Isle of Man','EU','GBP','Pound','+44-1624','^(([A-Z]d{2}[A-Z]{2})|([A-Z]d{3}[A-Z]{2})|([A','en,gv','3042225',NULL),(834,'TZ','TZA','TZ','Tanzania','AF','TZS','Shilling','255','','sw-TZ,en,ar','149590',NULL),(840,'US','USA','US','United States','NA','USD','Dollar','1','^(d{9})$','en-US,es-US,haw','6252001',110),(850,'VI','VIR','VQ','U.S. Virgin Islands','NA','USD','Dollar','+1-340','','en-VI','4796775',NULL),(854,'BF','BFA','UV','Burkina Faso','AF','XOF','Franc','226','','fr-BF','2361809',NULL),(855,'XK','XKX','KV','Kosovo','EU','EUR','Euro','','','sq,sr','831053',NULL),(858,'UY','URY','UY','Uruguay','SA','UYU','Peso','598','^(d{5})$','es-UY','3439705',NULL),(860,'UZ','UZB','UZ','Uzbekistan','AS','UZS','Som','998','^(d{6})$','uz,ru,tg','1512440',NULL),(862,'VE','VEN','VE','Venezuela','SA','VEF','Bolivar','58','^(d{4})$','es-VE','3625428',NULL),(876,'WF','WLF','WF','Wallis and Futuna','OC','XPF','Franc','681','^(986d{2})$','wls,fud,fr-WF','4034749',NULL),(882,'WS','WSM','WS','Samoa','OC','WST','Tala','685','','sm,en-WS','4034894',NULL),(887,'YE','YEM','YM','Yemen','AS','YER','Rial','967','','ar-YE','69543',NULL),(891,'CS','SCG','YI','Serbia and Montenegro','EU','RSD','Dinar','381','^(d{5})$','cu,hu,sq,sr','863038',NULL),(894,'ZM','ZMB','ZA','Zambia','AF','ZMK','Kwacha','260','^(d{5})$','en-ZM,bem,loz,lun,lue,ny,toi','895949',NULL),(1000,'OTHER','','','Other','','','','','','','',NULL);
/*!40000 ALTER TABLE `country` ENABLE KEYS */;
UNLOCK TABLES;

--
-- Table structure for table `event`
--

DROP TABLE IF EXISTS `event`;
/*!40101 SET @saved_cs_client     = @@character_set_client */;
/*!40101 SET character_set_client = utf8 */;
CREATE TABLE `event` (
  `id` int(11) NOT NULL AUTO_INCREMENT,
  `contact_name` varchar(50) COLLATE utf8_unicode_ci NOT NULL,
  `event_date` datetime NOT NULL,
  `email` varchar(50) COLLATE utf8_unicode_ci NOT NULL,
  `phone` varchar(50) COLLATE utf8_unicode_ci DEFAULT NULL,
  `title` varchar(255) COLLATE utf8_unicode_ci NOT NULL,
  `description` varchar(1000) COLLATE utf8_unicode_ci NOT NULL,
  `created_at` datetime NOT NULL,
  `updated_at` datetime NOT NULL,
  `state` int(11) DEFAULT NULL,
  `country` int(11) DEFAULT NULL,
  `lat` varchar(255) COLLATE utf8_unicode_ci DEFAULT NULL,
  `lng` varchar(255) COLLATE utf8_unicode_ci DEFAULT NULL,
  `user` bigint(20) DEFAULT NULL,
  `viewed` int(11) NOT NULL,
  `image` bigint(20) DEFAULT NULL,
  `venue` varchar(255) COLLATE utf8_unicode_ci NOT NULL,
  PRIMARY KEY (`id`),
  UNIQUE KEY `UNIQ_3BAE0AA7C53D045F` (`image`),
  KEY `IDX_3BAE0AA7A393D2FB` (`state`),
  KEY `IDX_3BAE0AA75373C966` (`country`),
  KEY `IDX_3BAE0AA78D93D649` (`user`),
  CONSTRAINT `FK_3BAE0AA75373C966` FOREIGN KEY (`country`) REFERENCES `country` (`id`),
  CONSTRAINT `FK_3BAE0AA78D93D649` FOREIGN KEY (`user`) REFERENCES `user` (`id`),
  CONSTRAINT `FK_3BAE0AA7A393D2FB` FOREIGN KEY (`state`) REFERENCES `state` (`id`),
  CONSTRAINT `FK_3BAE0AA7C53D045F` FOREIGN KEY (`image`) REFERENCES `image` (`id`)
) ENGINE=InnoDB AUTO_INCREMENT=9 DEFAULT CHARSET=utf8 COLLATE=utf8_unicode_ci;
/*!40101 SET character_set_client = @saved_cs_client */;

--
-- Dumping data for table `event`
--

LOCK TABLES `event` WRITE;
/*!40000 ALTER TABLE `event` DISABLE KEYS */;
INSERT INTO `event` VALUES (4,'Lilia','2015-05-08 00:00:00','katch_04@yahoo.com',NULL,'Russian Nobility ball','Russian ball at Pierre hotel - black tie event','2015-04-20 02:41:24','2015-07-25 09:57:50',3714,840,'40.7127837','-74.00594130000002',146,51,NULL,'Pierre hotel'),(5,'gfdgfdgd','2015-06-17 00:00:00','info@tv503.com',NULL,'business networking','just test','2015-06-29 23:32:01','2015-07-24 02:49:30',3714,840,'40.7127837','-74.00594130000002',162,9,NULL,'NY Business Library'),(6,'canada return','2015-07-01 00:00:00','as@as.com',NULL,'sdfsadf','sadfsdf','2015-07-15 13:11:29','2015-07-22 19:43:54',526,124,'53.9332706','-116.5765035',166,3,NULL,'sadfsdf'),(7,'canada return','2015-07-16 00:00:00','ca@mailinator.com',NULL,'gggggg','sdf','2015-07-15 13:12:42','2015-07-24 20:42:46',526,124,'53.9332706','-116.5765035',166,8,NULL,'adsf');
/*!40000 ALTER TABLE `event` ENABLE KEYS */;
UNLOCK TABLES;

--
-- Table structure for table `event_category`
--

DROP TABLE IF EXISTS `event_category`;
/*!40101 SET @saved_cs_client     = @@character_set_client */;
/*!40101 SET character_set_client = utf8 */;
CREATE TABLE `event_category` (
  `id` int(11) NOT NULL AUTO_INCREMENT,
  `name` varchar(50) COLLATE utf8_unicode_ci NOT NULL,
  PRIMARY KEY (`id`)
) ENGINE=InnoDB AUTO_INCREMENT=10 DEFAULT CHARSET=utf8 COLLATE=utf8_unicode_ci;
/*!40101 SET character_set_client = @saved_cs_client */;

--
-- Dumping data for table `event_category`
--

LOCK TABLES `event_category` WRITE;
/*!40000 ALTER TABLE `event_category` DISABLE KEYS */;
INSERT INTO `event_category` VALUES (1,'General'),(2,'Business Networking'),(3,'Families & Kids'),(4,'Single Parents'),(5,'Theater/Jazz'),(6,'Art/Film'),(8,'Outdoors'),(9,'Singles');
/*!40000 ALTER TABLE `event_category` ENABLE KEYS */;
UNLOCK TABLES;

--
-- Table structure for table `event_comment`
--

DROP TABLE IF EXISTS `event_comment`;
/*!40101 SET @saved_cs_client     = @@character_set_client */;
/*!40101 SET character_set_client = utf8 */;
CREATE TABLE `event_comment` (
  `id` int(11) NOT NULL AUTO_INCREMENT,
  `author` bigint(20) DEFAULT NULL,
  `event` int(11) DEFAULT NULL,
  `comment` longtext COLLATE utf8_unicode_ci NOT NULL,
  `created_at` datetime NOT NULL,
  PRIMARY KEY (`id`),
  KEY `IDX_1123FBC3BDAFD8C8` (`author`),
  KEY `IDX_1123FBC33BAE0AA7` (`event`),
  CONSTRAINT `FK_1123FBC33BAE0AA7` FOREIGN KEY (`event`) REFERENCES `event` (`id`),
  CONSTRAINT `FK_1123FBC3BDAFD8C8` FOREIGN KEY (`author`) REFERENCES `user` (`id`)
) ENGINE=InnoDB AUTO_INCREMENT=5 DEFAULT CHARSET=utf8 COLLATE=utf8_unicode_ci;
/*!40101 SET character_set_client = @saved_cs_client */;

--
-- Dumping data for table `event_comment`
--

LOCK TABLES `event_comment` WRITE;
/*!40000 ALTER TABLE `event_comment` DISABLE KEYS */;
INSERT INTO `event_comment` VALUES (1,164,7,'ertky utewi\r\n\'\r\ndsfgjsadg','2015-07-15 13:28:59'),(2,164,7,'<text type=\"dsafsad\"\'>','2015-07-15 13:29:21'),(3,164,7,'cfbdsf\r\ns','2015-07-15 13:29:36'),(4,164,7,'http://192.168.1.55/Pictures/http://192.168.1.55/Pictures/http://192.168.1.55/Pictures/http://192.168.1.55/Pictures/http://192.168.1.55/Pictures/http://192.168.1.55/Pictures/http://192.168.1.55/Pictures/http://192.168.1.55/Pictures/http://192.168.1.55/Pictures/http://192.168.1.55/Pictures/http://192.168.1.55/Pictures/http://192.168.1.55/Pictures/http://192.168.1.55/Pictures/http://192.168.1.55/Pictures/http://192.168.1.55/Pictures/http://192.168.1.55/Pictures/http://192.168.1.55/Pictures/http://192.168.1.55/Pictures/http://192.168.1.55/Pictures/http://192.168.1.55/Pictures/http://192.168.1.55/Pictures/http://192.168.1.55/Pictures/http://192.168.1.55/Pictures/http://192.168.1.55/Pictures/http://192.168.1.55/Pictures/http://192.168.1.55/Pictures/http://192.168.1.55/Pictures/http://192.168.1.55/Pictures/http://192.168.1.55/Pictures/http://192.168.1.55/Pictures/http://192.168.1.55/Pictures/http://192.168.1.55/Pictures/http://192.168.1.55/Pictures/http://192.168.1.55/Pictures/http://192.168.1.55/Pictures/http://192.168.1.55/Pictures/http://192.168.1.55/Pictures/http://192.168.1.55/Pictures/','2015-07-15 13:29:41');
/*!40000 ALTER TABLE `event_comment` ENABLE KEYS */;
UNLOCK TABLES;

--
-- Table structure for table `event_event_category`
--

DROP TABLE IF EXISTS `event_event_category`;
/*!40101 SET @saved_cs_client     = @@character_set_client */;
/*!40101 SET character_set_client = utf8 */;
CREATE TABLE `event_event_category` (
  `event_id` int(11) NOT NULL,
  `category_id` int(11) NOT NULL,
  PRIMARY KEY (`event_id`,`category_id`),
  KEY `IDX_9FE4466271F7E88B` (`event_id`),
  KEY `IDX_9FE4466212469DE2` (`category_id`),
  CONSTRAINT `FK_9FE4466212469DE2` FOREIGN KEY (`category_id`) REFERENCES `event_category` (`id`) ON DELETE CASCADE,
  CONSTRAINT `FK_9FE4466271F7E88B` FOREIGN KEY (`event_id`) REFERENCES `event` (`id`) ON DELETE CASCADE
) ENGINE=InnoDB DEFAULT CHARSET=utf8 COLLATE=utf8_unicode_ci;
/*!40101 SET character_set_client = @saved_cs_client */;

--
-- Dumping data for table `event_event_category`
--

LOCK TABLES `event_event_category` WRITE;
/*!40000 ALTER TABLE `event_event_category` DISABLE KEYS */;
INSERT INTO `event_event_category` VALUES (4,1),(4,2),(5,1),(6,1),(7,1);
/*!40000 ALTER TABLE `event_event_category` ENABLE KEYS */;
UNLOCK TABLES;

--
-- Table structure for table `event_interested`
--

DROP TABLE IF EXISTS `event_interested`;
/*!40101 SET @saved_cs_client     = @@character_set_client */;
/*!40101 SET character_set_client = utf8 */;
CREATE TABLE `event_interested` (
  `user_id` bigint(20) NOT NULL,
  `event_id` int(11) NOT NULL,
  PRIMARY KEY (`user_id`,`event_id`),
  KEY `IDX_9CBC9957A76ED395` (`user_id`),
  KEY `IDX_9CBC995771F7E88B` (`event_id`),
  CONSTRAINT `FK_9CBC995771F7E88B` FOREIGN KEY (`event_id`) REFERENCES `event` (`id`) ON DELETE CASCADE,
  CONSTRAINT `FK_9CBC9957A76ED395` FOREIGN KEY (`user_id`) REFERENCES `user` (`id`) ON DELETE CASCADE
) ENGINE=InnoDB DEFAULT CHARSET=utf8 COLLATE=utf8_unicode_ci;
/*!40101 SET character_set_client = @saved_cs_client */;

--
-- Dumping data for table `event_interested`
--

LOCK TABLES `event_interested` WRITE;
/*!40000 ALTER TABLE `event_interested` DISABLE KEYS */;
/*!40000 ALTER TABLE `event_interested` ENABLE KEYS */;
UNLOCK TABLES;

--
-- Table structure for table `event_participant`
--

DROP TABLE IF EXISTS `event_participant`;
/*!40101 SET @saved_cs_client     = @@character_set_client */;
/*!40101 SET character_set_client = utf8 */;
CREATE TABLE `event_participant` (
  `user_id` bigint(20) NOT NULL,
  `event_id` int(11) NOT NULL,
  PRIMARY KEY (`user_id`,`event_id`),
  KEY `IDX_7C16B891A76ED395` (`user_id`),
  KEY `IDX_7C16B89171F7E88B` (`event_id`),
  CONSTRAINT `FK_7C16B89171F7E88B` FOREIGN KEY (`event_id`) REFERENCES `event` (`id`) ON DELETE CASCADE,
  CONSTRAINT `FK_7C16B891A76ED395` FOREIGN KEY (`user_id`) REFERENCES `user` (`id`) ON DELETE CASCADE
) ENGINE=InnoDB DEFAULT CHARSET=utf8 COLLATE=utf8_unicode_ci;
/*!40101 SET character_set_client = @saved_cs_client */;

--
-- Dumping data for table `event_participant`
--

LOCK TABLES `event_participant` WRITE;
/*!40000 ALTER TABLE `event_participant` DISABLE KEYS */;
/*!40000 ALTER TABLE `event_participant` ENABLE KEYS */;
UNLOCK TABLES;

--
-- Table structure for table `favorite_users`
--

DROP TABLE IF EXISTS `favorite_users`;
/*!40101 SET @saved_cs_client     = @@character_set_client */;
/*!40101 SET character_set_client = utf8 */;
CREATE TABLE `favorite_users` (
  `user_source` bigint(20) NOT NULL,
  `user_target` bigint(20) NOT NULL,
  PRIMARY KEY (`user_source`,`user_target`),
  KEY `IDX_A20B8ECD3AD8644E` (`user_source`),
  KEY `IDX_A20B8ECD233D34C1` (`user_target`),
  CONSTRAINT `FK_A20B8ECD233D34C1` FOREIGN KEY (`user_target`) REFERENCES `user` (`id`) ON DELETE CASCADE,
  CONSTRAINT `FK_A20B8ECD3AD8644E` FOREIGN KEY (`user_source`) REFERENCES `user` (`id`) ON DELETE CASCADE
) ENGINE=InnoDB DEFAULT CHARSET=utf8 COLLATE=utf8_unicode_ci;
/*!40101 SET character_set_client = @saved_cs_client */;

--
-- Dumping data for table `favorite_users`
--

LOCK TABLES `favorite_users` WRITE;
/*!40000 ALTER TABLE `favorite_users` DISABLE KEYS */;
INSERT INTO `favorite_users` VALUES (160,142),(160,146),(160,155);
/*!40000 ALTER TABLE `favorite_users` ENABLE KEYS */;
UNLOCK TABLES;

--
-- Table structure for table `image`
--

DROP TABLE IF EXISTS `image`;
/*!40101 SET @saved_cs_client     = @@character_set_client */;
/*!40101 SET character_set_client = utf8 */;
CREATE TABLE `image` (
  `id` bigint(20) NOT NULL AUTO_INCREMENT,
  `gallery` bigint(20) DEFAULT NULL,
  `name` varchar(255) COLLATE utf8_unicode_ci NOT NULL,
  `path` varchar(255) COLLATE utf8_unicode_ci NOT NULL,
  PRIMARY KEY (`id`),
  KEY `IDX_C53D045F472B783A` (`gallery`),
  CONSTRAINT `FK_C53D045F472B783A` FOREIGN KEY (`gallery`) REFERENCES `user_gallery` (`id`)
) ENGINE=InnoDB AUTO_INCREMENT=187 DEFAULT CHARSET=utf8 COLLATE=utf8_unicode_ci;
/*!40101 SET character_set_client = @saved_cs_client */;

--
-- Dumping data for table `image`
--

LOCK TABLES `image` WRITE;
/*!40000 ALTER TABLE `image` DISABLE KEYS */;
INSERT INTO `image` VALUES (70,NULL,'54048693c8bd9.jpeg','/uploads/user/event/100/54048693c8bd9.jpeg'),(74,NULL,'540487e3882a6.jpeg','/uploads/user/event/106/540487e3882a6.jpeg'),(79,NULL,'540489542e3e8.jpeg','/uploads/user/event/102/540489542e3e8.jpeg'),(99,NULL,'541c222ae60ed.jpeg','/uploads/user/event/100/541c222ae60ed.jpeg'),(101,NULL,'541c228ea5f75.jpeg','/uploads/user/event/100/541c228ea5f75.jpeg'),(102,NULL,'541c22bf5f5d7.jpeg','/uploads/user/event/100/541c22bf5f5d7.jpeg'),(103,NULL,'541c23848f17c.jpeg','/uploads/user/event/100/541c23848f17c.jpeg'),(104,NULL,'541c245e1272d.jpeg','/uploads/user/event/102/541c245e1272d.jpeg'),(105,NULL,'541c248583b4e.jpeg','/uploads/user/event/102/541c248583b4e.jpeg'),(106,NULL,'541c254cbc520.jpeg','/uploads/user/event/102/541c254cbc520.jpeg'),(107,NULL,'541c2d811f2d3.jpeg','/uploads/user/event/100/541c2d811f2d3.jpeg'),(108,NULL,'541c2dc1dabe0.jpeg','/uploads/user/event/102/541c2dc1dabe0.jpeg'),(109,NULL,'541c305c3e961.jpg','/uploads/user/event/100/541c305c3e961.jpg'),(112,NULL,'541c34f699ede.jpeg','/uploads/user/event/100/541c34f699ede.jpeg'),(114,NULL,'541c3f0383d41.jpg','/uploads/user/event/100/541c3f0383d41.jpg'),(115,NULL,'541c41afdece9.jpg','/uploads/user/event/100/541c41afdece9.jpg'),(117,NULL,'54200fb6d4985.jpeg','/uploads/user/event/100/54200fb6d4985.jpeg'),(118,NULL,'5420126779c50.jpeg','/uploads/user/event/100/5420126779c50.jpeg'),(121,NULL,'5420f52dbac0c.jpg','/uploads/user/event/99/5420f52dbac0c.jpg'),(125,NULL,'54588ec82fc12.png','/uploads/user/event/118/54588ec82fc12.png'),(128,56,'545c991763262.jpg','/uploads/user/profile/118/545c991763262.jpg'),(134,56,'546342ef538d3.JPG','/uploads/user/profile/118/546342ef538d3.JPG'),(135,NULL,'546acbad7f1da.jpg','/uploads/user/event/99/546acbad7f1da.jpg'),(136,NULL,'546acbe254af6.jpg','/uploads/user/event/99/546acbe254af6.jpg'),(149,80,'54b8969d6900d.jpg','/uploads/user/profile/142/54b8969d6900d.jpg'),(150,80,'54b89764e47bb.jpg','/uploads/user/profile/142/54b89764e47bb.jpg'),(154,85,'54c6fccfb3380.JPG','/uploads/user/profile/147/54c6fccfb3380.JPG'),(158,89,'54e0c58a78520.jpg','/uploads/user/profile/151/54e0c58a78520.jpg'),(160,89,'54e0c86356ffd.JPG','/uploads/user/profile/151/54e0c86356ffd.JPG'),(164,93,'55271de7e68ea.jpg','/uploads/user/profile/155/55271de7e68ea.jpg'),(173,84,'5534667caa52a.JPG','/uploads/user/profile/146/5534667caa52a.JPG'),(174,94,'553a99cde9ffb.jpg','/uploads/user/profile/156/553a99cde9ffb.jpg'),(175,94,'553a9b1f3c90c.jpeg','/uploads/user/profile/156/553a9b1f3c90c.jpeg'),(176,95,'553bcfcb48ec0.JPG','/uploads/user/profile/157/553bcfcb48ec0.JPG'),(178,84,'55667bced1996.jpg','/uploads/user/profile/146/55667bced1996.jpg'),(179,98,'5570770369b6b.jpg','/uploads/user/profile/160/5570770369b6b.jpg'),(180,98,'557077431d471.jpg','/uploads/user/profile/160/557077431d471.jpg'),(181,99,'55722bf6c0d38.JPG','/uploads/user/profile/161/55722bf6c0d38.JPG'),(182,84,'557a329d29345.jpg','/uploads/user/profile/146/557a329d29345.jpg'),(183,84,'5588c2bbb263c.JPG','/uploads/user/profile/146/5588c2bbb263c.JPG'),(184,105,'55a663c1578c0.jpg','/uploads/user/profile/167/55a663c1578c0.jpg'),(185,107,'55adc04c27ace.JPG','/uploads/user/profile/169/55adc04c27ace.JPG'),(186,107,'55b702419c9fd.jpg','/uploads/user/profile/169/55b702419c9fd.jpg');
/*!40000 ALTER TABLE `image` ENABLE KEYS */;
UNLOCK TABLES;

--
-- Table structure for table `language`
--

DROP TABLE IF EXISTS `language`;
/*!40101 SET @saved_cs_client     = @@character_set_client */;
/*!40101 SET character_set_client = utf8 */;
CREATE TABLE `language` (
  `id` int(11) NOT NULL AUTO_INCREMENT,
  `name` varchar(45) COLLATE utf8_unicode_ci NOT NULL,
  `code` varchar(45) COLLATE utf8_unicode_ci NOT NULL,
  `priority` int(11) DEFAULT NULL,
  PRIMARY KEY (`id`)
) ENGINE=InnoDB AUTO_INCREMENT=66 DEFAULT CHARSET=utf8 COLLATE=utf8_unicode_ci;
/*!40101 SET character_set_client = @saved_cs_client */;

--
-- Dumping data for table `language`
--

LOCK TABLES `language` WRITE;
/*!40000 ALTER TABLE `language` DISABLE KEYS */;
INSERT INTO `language` VALUES (3,'Arabic','AR',8),(14,'Dutch','NL',6),(15,'English','EN',18),(19,'French','FR',14),(21,'German','DE',10),(24,'Hebrew','HE',15),(30,'Italian','IT',12),(48,'Portuguese','PT',9),(52,'Russian','RU',17),(57,'Spanish','ES',16),(58,'Czech','CS',3),(59,'Hindi','HI',4),(60,'Other','',1),(61,'Polish','PL',7),(62,'Turkish','TR',2),(63,'Ukrainian','UA',5),(64,'Romanian','RO',13),(65,'Norwegian','NO',11);
/*!40000 ALTER TABLE `language` ENABLE KEYS */;
UNLOCK TABLES;

--
-- Table structure for table `message`
--

DROP TABLE IF EXISTS `message`;
/*!40101 SET @saved_cs_client     = @@character_set_client */;
/*!40101 SET character_set_client = utf8 */;
CREATE TABLE `message` (
  `id` int(11) NOT NULL AUTO_INCREMENT,
  `thread_id` int(11) DEFAULT NULL,
  `sender_id` bigint(20) DEFAULT NULL,
  `body` longtext COLLATE utf8_unicode_ci NOT NULL,
  `created_at` datetime NOT NULL,
  PRIMARY KEY (`id`),
  KEY `IDX_B6BD307FE2904019` (`thread_id`),
  KEY `IDX_B6BD307FF624B39D` (`sender_id`),
  CONSTRAINT `FK_B6BD307FE2904019` FOREIGN KEY (`thread_id`) REFERENCES `thread` (`id`),
  CONSTRAINT `FK_B6BD307FF624B39D` FOREIGN KEY (`sender_id`) REFERENCES `user` (`id`)
) ENGINE=InnoDB AUTO_INCREMENT=64 DEFAULT CHARSET=utf8 COLLATE=utf8_unicode_ci;
/*!40101 SET character_set_client = @saved_cs_client */;

--
-- Dumping data for table `message`
--

LOCK TABLES `message` WRITE;
/*!40000 ALTER TABLE `message` DISABLE KEYS */;
INSERT INTO `message` VALUES (23,22,142,'Shurik privet\r\nzapolni svoi profile, but i do have one bug there that doesnt allow it it, so i\'ll fix it soon','2015-01-21 19:47:29'),(24,23,146,'Hi!','2015-01-31 03:24:19'),(25,24,146,'Hi!','2015-01-31 03:24:20'),(26,25,147,'Hi!','2015-02-06 05:30:56'),(27,26,147,'hi, my name is Alex, live in broklyn  tell me about yourself','2015-02-06 05:31:29'),(28,27,146,'Privet menya zovut murzik','2015-02-22 04:23:58'),(30,26,146,'hello','2015-03-21 21:49:01'),(31,28,118,'Hi!','2015-03-28 02:09:04'),(32,29,118,'Hi!','2015-03-28 02:09:06'),(33,30,118,'privet','2015-03-28 02:09:28'),(34,28,146,'hi, how are you?','2015-03-28 02:10:59'),(35,28,118,'Fine thanks, what about you ?','2015-04-03 13:21:10'),(36,31,142,'Hi!','2015-04-19 00:19:12'),(37,32,142,'Privet kak dela? very nice profile','2015-04-19 00:19:33'),(38,28,146,'hi there','2015-04-20 02:21:04'),(39,32,146,'privet','2015-04-20 02:21:34'),(40,32,146,'privet','2015-04-20 02:21:36'),(41,33,166,'Hi!','2015-07-15 13:27:21'),(42,34,166,'Hi!','2015-07-15 13:27:24'),(43,35,166,'Hi!','2015-07-15 13:27:26'),(44,36,166,'Hi!','2015-07-15 13:27:27'),(45,37,166,'Hi!','2015-07-15 13:27:29'),(46,38,166,'Hi!','2015-07-15 13:27:32'),(47,39,166,'Hi!','2015-07-15 13:27:33'),(48,40,166,'Hi!','2015-07-15 13:27:36'),(49,41,166,'Hi!','2015-07-15 13:27:37'),(50,42,166,'Hi!','2015-07-15 13:27:39'),(51,43,166,'Hi!','2015-07-15 13:27:41'),(52,44,166,'Hi!','2015-07-15 13:27:43'),(53,45,166,'Hi!','2015-07-15 13:27:45'),(54,46,166,'Hi!','2015-07-15 13:27:47'),(55,47,166,'Hi!','2015-07-15 13:27:49'),(56,48,166,'Hi!','2015-07-15 13:27:50'),(57,49,166,'Hi!','2015-07-15 13:27:52'),(58,50,166,'Hi!','2015-07-15 13:27:54'),(59,51,166,'Hi!','2015-07-15 13:34:36'),(60,52,166,'Hi!','2015-07-15 13:34:38'),(62,54,168,'Hi!','2015-07-15 13:49:52'),(63,54,167,'dfbhk','2015-07-15 13:50:13');
/*!40000 ALTER TABLE `message` ENABLE KEYS */;
UNLOCK TABLES;

--
-- Table structure for table `message_metadata`
--

DROP TABLE IF EXISTS `message_metadata`;
/*!40101 SET @saved_cs_client     = @@character_set_client */;
/*!40101 SET character_set_client = utf8 */;
CREATE TABLE `message_metadata` (
  `id` int(11) NOT NULL AUTO_INCREMENT,
  `message_id` int(11) DEFAULT NULL,
  `participant_id` bigint(20) DEFAULT NULL,
  `is_read` tinyint(1) NOT NULL,
  PRIMARY KEY (`id`),
  KEY `IDX_4632F005537A1329` (`message_id`),
  KEY `IDX_4632F0059D1C3019` (`participant_id`),
  CONSTRAINT `FK_4632F005537A1329` FOREIGN KEY (`message_id`) REFERENCES `message` (`id`),
  CONSTRAINT `FK_4632F0059D1C3019` FOREIGN KEY (`participant_id`) REFERENCES `user` (`id`)
) ENGINE=InnoDB AUTO_INCREMENT=127 DEFAULT CHARSET=utf8 COLLATE=utf8_unicode_ci;
/*!40101 SET character_set_client = @saved_cs_client */;

--
-- Dumping data for table `message_metadata`
--

LOCK TABLES `message_metadata` WRITE;
/*!40000 ALTER TABLE `message_metadata` DISABLE KEYS */;
INSERT INTO `message_metadata` VALUES (46,23,142,1),(47,24,147,0),(48,24,146,0),(49,25,147,0),(50,25,146,0),(51,26,146,1),(52,26,147,0),(53,27,146,1),(54,27,147,1),(56,28,146,1),(59,30,146,1),(60,30,147,0),(61,31,146,1),(62,31,118,1),(63,32,146,1),(64,32,118,0),(65,33,146,1),(66,33,118,1),(67,34,146,1),(68,34,118,1),(69,35,146,1),(70,35,118,1),(71,36,146,1),(72,36,142,0),(73,37,146,1),(74,37,142,1),(75,38,146,1),(76,38,118,1),(77,39,146,1),(78,39,142,0),(79,40,146,1),(80,40,142,0),(81,41,146,0),(82,41,166,0),(83,42,146,0),(84,42,166,0),(85,43,146,0),(86,43,166,0),(87,44,146,0),(88,44,166,0),(89,45,146,0),(90,45,166,0),(91,46,146,0),(92,46,166,0),(93,47,146,0),(94,47,166,0),(95,48,146,0),(96,48,166,0),(97,49,146,0),(98,49,166,0),(99,50,146,0),(100,50,166,0),(101,51,146,0),(102,51,166,0),(103,52,146,0),(104,52,166,0),(105,53,146,0),(106,53,166,0),(107,54,146,0),(108,54,166,0),(109,55,146,0),(110,55,166,0),(111,56,146,0),(112,56,166,0),(113,57,146,0),(114,57,166,0),(115,58,146,0),(116,58,166,0),(117,59,147,0),(118,59,166,0),(119,60,147,0),(120,60,166,0),(123,62,167,1),(124,62,168,0),(125,63,167,1),(126,63,168,0);
/*!40000 ALTER TABLE `message_metadata` ENABLE KEYS */;
UNLOCK TABLES;

--
-- Table structure for table `migration_versions`
--

DROP TABLE IF EXISTS `migration_versions`;
/*!40101 SET @saved_cs_client     = @@character_set_client */;
/*!40101 SET character_set_client = utf8 */;
CREATE TABLE `migration_versions` (
  `version` varchar(255) COLLATE utf8_unicode_ci NOT NULL,
  PRIMARY KEY (`version`)
) ENGINE=InnoDB DEFAULT CHARSET=utf8 COLLATE=utf8_unicode_ci;
/*!40101 SET character_set_client = @saved_cs_client */;

--
-- Dumping data for table `migration_versions`
--

LOCK TABLES `migration_versions` WRITE;
/*!40000 ALTER TABLE `migration_versions` DISABLE KEYS */;
INSERT INTO `migration_versions` VALUES ('20141209154201'),('20141209174626'),('20141210111758'),('20141222144732'),('20150120113811'),('20150128120232'),('20150128155934'),('20150128171858'),('20150202161226'),('20150203171727'),('20150325114222'),('20150331130232');
/*!40000 ALTER TABLE `migration_versions` ENABLE KEYS */;
UNLOCK TABLES;

--
-- Table structure for table `profile_lookingfor`
--

DROP TABLE IF EXISTS `profile_lookingfor`;
/*!40101 SET @saved_cs_client     = @@character_set_client */;
/*!40101 SET character_set_client = utf8 */;
CREATE TABLE `profile_lookingfor` (
  `profile_id` bigint(20) NOT NULL,
  `lookingfor_id` bigint(20) NOT NULL,
  PRIMARY KEY (`profile_id`,`lookingfor_id`),
  KEY `IDX_53A6D746CCFA12B8` (`profile_id`),
  KEY `IDX_53A6D746CD99C4D4` (`lookingfor_id`),
  CONSTRAINT `FK_53A6D746CCFA12B8` FOREIGN KEY (`profile_id`) REFERENCES `user_profile` (`id`) ON DELETE CASCADE,
  CONSTRAINT `FK_53A6D746CD99C4D4` FOREIGN KEY (`lookingfor_id`) REFERENCES `user_looking_for` (`id`) ON DELETE CASCADE
) ENGINE=InnoDB DEFAULT CHARSET=utf8 COLLATE=utf8_unicode_ci;
/*!40101 SET character_set_client = @saved_cs_client */;

--
-- Dumping data for table `profile_lookingfor`
--

LOCK TABLES `profile_lookingfor` WRITE;
/*!40000 ALTER TABLE `profile_lookingfor` DISABLE KEYS */;
INSERT INTO `profile_lookingfor` VALUES (124,1),(125,1),(127,1),(127,2),(127,4),(129,1),(133,1),(134,1),(135,1),(138,1),(139,2),(140,1),(141,3),(142,2),(142,3),(144,1),(144,2),(146,1),(147,3);
/*!40000 ALTER TABLE `profile_lookingfor` ENABLE KEYS */;
UNLOCK TABLES;

--
-- Table structure for table `state`
--

DROP TABLE IF EXISTS `state`;
/*!40101 SET @saved_cs_client     = @@character_set_client */;
/*!40101 SET character_set_client = utf8 */;
CREATE TABLE `state` (
  `id` int(11) NOT NULL AUTO_INCREMENT,
  `country` int(11) DEFAULT NULL,
  `name` varchar(50) NOT NULL,
  `timezone` varchar(50) NOT NULL,
  `priority` int(11) DEFAULT NULL,
  PRIMARY KEY (`id`),
  KEY `IDX_A393D2FB5373C966` (`country`),
  CONSTRAINT `FK_A393D2FB5373C966` FOREIGN KEY (`country`) REFERENCES `country` (`id`)
) ENGINE=InnoDB AUTO_INCREMENT=10001 DEFAULT CHARSET=utf8;
/*!40101 SET character_set_client = @saved_cs_client */;

--
-- Dumping data for table `state`
--

LOCK TABLES `state` WRITE;
/*!40000 ALTER TABLE `state` DISABLE KEYS */;
INSERT INTO `state` VALUES (1,4,'Badakhshan','Asia/Kabul',34),(2,4,'Badghis Province','Asia/Kabul',33),(3,4,'Baghlān','Asia/Kabul',32),(4,4,'Bāmīān','Asia/Kabul',31),(5,4,'Farah','Asia/Kabul',30),(6,4,'Faryab Province','Asia/Kabul',29),(7,4,'Ghaznī','Asia/Kabul',28),(8,4,'Ghowr','Asia/Kabul',27),(9,4,'Helmand Province','Asia/Kabul',26),(10,4,'Herat Province','Asia/Kabul',25),(11,4,'Kabul','Asia/Kabul',24),(12,4,'Kāpīsā','Asia/Kabul',23),(13,4,'Lowgar','Asia/Kabul',22),(14,4,'Nangarhār','Asia/Kabul',21),(15,4,'Nīmrūz','Asia/Kabul',20),(16,4,'Orūzgān','Asia/Kabul',19),(17,4,'Kandahār','Asia/Kabul',18),(18,4,'Kunduz Province','Asia/Kabul',17),(19,4,'Takhār','Asia/Kabul',16),(20,4,'Vardak','Asia/Kabul',15),(21,4,'Zabul Province','Asia/Kabul',14),(22,4,'Paktīkā','Asia/Kabul',13),(23,4,'Balkh','Asia/Kabul',12),(24,4,'Jowzjān','Asia/Kabul',11),(25,4,'Samangān','Asia/Kabul',10),(26,4,'Sar-e Pol','Asia/Kabul',9),(27,4,'Konar','Asia/Kabul',8),(28,4,'Laghmān','Asia/Kabul',7),(29,4,'Paktia Province','Asia/Kabul',6),(30,4,'Khowst','Asia/Kabul',5),(31,4,'Nūrestān','Asia/Kabul',4),(32,4,'Parvān','Asia/Kabul',3),(33,4,'Dāykondī','Asia/Kabul',2),(34,4,'Panjshīr','Asia/Kabul',1),(35,8,'Berat','Europe/Tirane',12),(36,8,'Dibër','Europe/Tirane',11),(37,8,'Durrës','Europe/Tirane',10),(38,8,'Elbasan','Europe/Tirane',9),(39,8,'Fier','Europe/Tirane',8),(40,8,'Gjirokastër','Europe/Tirane',7),(41,8,'Korçë','Europe/Tirane',6),(42,8,'Kukës','Europe/Tirane',5),(43,8,'Lezhë','Europe/Tirane',4),(44,8,'Shkodër','Europe/Tirane',3),(45,8,'Tiranë','Europe/Tirane',2),(46,8,'Vlorë','Europe/Tirane',1),(47,12,'Alger','Africa/Algiers',48),(48,12,'Batna','Africa/Algiers',47),(49,12,'Constantine','Africa/Algiers',46),(50,12,'Médéa','Africa/Algiers',45),(51,12,'Mostaganem','Africa/Algiers',44),(52,12,'Oran','Africa/Algiers',43),(53,12,'Saïda','Africa/Algiers',42),(54,12,'Sétif','Africa/Algiers',41),(55,12,'Tiaret','Africa/Algiers',40),(56,12,'Tizi Ouzou','Africa/Algiers',39),(57,12,'Tlemcen','Africa/Algiers',38),(58,12,'Bejaïa','Africa/Algiers',37),(59,12,'Biskra','Africa/Algiers',36),(60,12,'Blida','Africa/Algiers',35),(61,12,'Bouira','Africa/Algiers',34),(62,12,'Djelfa','Africa/Algiers',33),(63,12,'Guelma','Africa/Algiers',32),(64,12,'Jijel','Africa/Algiers',31),(65,12,'Laghouat','Africa/Algiers',30),(66,12,'Mascara','Africa/Algiers',29),(67,12,'Mʼsila','Africa/Algiers',28),(68,12,'Oum el Bouaghi','Africa/Algiers',27),(69,12,'Sidi Bel Abbès','Africa/Algiers',26),(70,12,'Skikda','Africa/Algiers',25),(71,12,'Tébessa','Africa/Algiers',24),(72,12,'Adrar','Africa/Algiers',23),(73,12,'Aïn Defla','Africa/Algiers',22),(74,12,'Aïn Temouchent','Africa/Algiers',21),(75,12,'Annaba','Africa/Algiers',20),(76,12,'Béchar','Africa/Algiers',19),(77,12,'Bordj Bou Arréridj','Africa/Algiers',18),(78,12,'Boumerdes','Africa/Algiers',17),(79,12,'Chlef','Africa/Algiers',16),(80,12,'El Bayadh','Africa/Algiers',15),(81,12,'El Oued','Africa/Algiers',14),(82,12,'El Tarf','Africa/Algiers',13),(83,12,'Ghardaïa','Africa/Algiers',12),(84,12,'Illizi','Africa/Algiers',11),(85,12,'Khenchela','Africa/Algiers',10),(86,12,'Mila','Africa/Algiers',9),(87,12,'Naama النعامة','Africa/Algiers',8),(88,12,'Ouargla','Africa/Algiers',7),(89,12,'Relizane','Africa/Algiers',6),(90,12,'Souk Ahras','Africa/Algiers',5),(91,12,'Tamanghasset','Africa/Algiers',4),(92,12,'Tindouf','Africa/Algiers',3),(93,12,'Tipaza','Africa/Algiers',2),(94,12,'Tissemsilt','Africa/Algiers',1),(95,16,'American Samoa','Pacific/Pago_Pago',1),(96,20,'Parròquia de Canillo','Europe/Andorra',7),(97,20,'Parròquia dʼEncamp','Europe/Andorra',6),(98,20,'Parròquia de la Massana','Europe/Andorra',5),(99,20,'Parròquia dʼOrdino','Europe/Andorra',4),(100,20,'Parròquia de Sant Julià de Lòria','Europe/Andorra',3),(101,20,'Parròquia dʼAndorra la Vella','Europe/Andorra',2),(102,20,'Parròquia dʼEscaldes-Engordany','Europe/Andorra',1),(103,24,'Benguela','Africa/Luanda',18),(104,24,'Bié','Africa/Luanda',17),(105,24,'Cabinda','Africa/Luanda',16),(106,24,'Cuando Cubango','Africa/Luanda',15),(107,24,'Cuanza Norte','Africa/Luanda',14),(108,24,'Cuanza Sul','Africa/Luanda',13),(109,24,'Cunene','Africa/Luanda',12),(110,24,'Huambo','Africa/Luanda',11),(111,24,'Huíla','Africa/Luanda',10),(112,24,'Luanda','Africa/Luanda',9),(113,24,'Malanje','Africa/Luanda',8),(114,24,'Namibe','Africa/Luanda',7),(115,24,'Moxico','Africa/Luanda',6),(116,24,'Uíge','Africa/Luanda',5),(117,24,'Zaire','Africa/Luanda',4),(118,24,'Lunda Norte','Africa/Luanda',3),(119,24,'Lunda Sul','Africa/Luanda',2),(120,24,'Bengo','Africa/Luanda',1),(121,28,'Redonda','America/Antigua',8),(122,28,'Barbuda','America/Antigua',7),(123,28,'Saint George','America/Antigua',6),(124,28,'Saint John','America/Antigua',5),(125,28,'Saint Mary','America/Antigua',4),(126,28,'Saint Paul','America/Antigua',3),(127,28,'Saint Peter','America/Antigua',2),(128,28,'Saint Philip','America/Antigua',1),(129,31,'Abşeron','Asia/Baku',71),(130,31,'Ağcabǝdi','Asia/Baku',70),(131,31,'Ağdam','Asia/Baku',69),(132,31,'Ağdaş','Asia/Baku',68),(133,31,'Ağstafa','Asia/Baku',67),(134,31,'Ağsu','Asia/Baku',66),(135,31,'Əli Bayramli','Asia/Baku',65),(136,31,'Astara','Asia/Baku',64),(137,31,'Baki','Asia/Baku',63),(138,31,'Balakǝn','Asia/Baku',62),(139,31,'Bǝrdǝ','Asia/Baku',61),(140,31,'Beylǝqan','Asia/Baku',60),(141,31,'Bilǝsuvar','Asia/Baku',59),(142,31,'Cǝbrayıl','Asia/Baku',58),(143,31,'Cǝlilabad','Asia/Baku',57),(144,31,'Daşkǝsǝn','Asia/Baku',56),(145,31,'Dǝvǝçi','Asia/Baku',55),(146,31,'Füzuli','Asia/Baku',54),(147,31,'Gǝdǝbǝy','Asia/Baku',53),(148,31,'Gǝncǝ','Asia/Baku',52),(149,31,'Goranboy','Asia/Baku',51),(150,31,'Göyçay','Asia/Baku',50),(151,31,'Hacıqabul','Asia/Baku',49),(152,31,'İmişli','Asia/Baku',48),(153,31,'İsmayıllı','Asia/Baku',47),(154,31,'Kǝlbǝcǝr','Asia/Baku',46),(155,31,'Kürdǝmir','Asia/Baku',45),(156,31,'Laçın','Asia/Baku',44),(157,31,'Lǝnkǝran','Asia/Baku',43),(158,31,'Lǝnkǝran Şǝhǝri','Asia/Baku',42),(159,31,'Lerik','Asia/Baku',41),(160,31,'Masallı','Asia/Baku',40),(161,31,'Mingǝcevir','Asia/Baku',39),(162,31,'Naftalan','Asia/Baku',38),(163,31,'Nakhichevan','Asia/Baku',37),(164,31,'Neftçala','Asia/Baku',36),(165,31,'Oğuz','Asia/Baku',35),(166,31,'Qǝbǝlǝ','Asia/Baku',34),(167,31,'Qǝx','Asia/Baku',33),(168,31,'Qazax','Asia/Baku',32),(169,31,'Qobustan','Asia/Baku',31),(170,31,'Quba','Asia/Baku',30),(171,31,'Qubadlı','Asia/Baku',29),(172,31,'Qusar','Asia/Baku',28),(173,31,'Saatlı','Asia/Baku',27),(174,31,'Sabirabad','Asia/Baku',26),(175,31,'Şǝki','Asia/Baku',25),(176,31,'Şǝki','Asia/Baku',24),(177,31,'Salyan','Asia/Baku',23),(178,31,'Şamaxı','Asia/Baku',22),(179,31,'Şǝmkir','Asia/Baku',21),(180,31,'Samux','Asia/Baku',20),(181,31,'Siyǝzǝn','Asia/Baku',19),(182,31,'Sumqayit','Asia/Baku',18),(183,31,'Şuşa','Asia/Baku',17),(184,31,'Şuşa Şəhəri','Asia/Baku',16),(185,31,'Tǝrtǝr','Asia/Baku',15),(186,31,'Tovuz','Asia/Baku',14),(187,31,'Ucar','Asia/Baku',13),(188,31,'Xaçmaz','Asia/Baku',12),(189,31,'Xankǝndi','Asia/Baku',11),(190,31,'Xanlar','Asia/Baku',10),(191,31,'Xızı','Asia/Baku',9),(192,31,'Xocalı','Asia/Baku',8),(193,31,'Xocavǝnd','Asia/Baku',7),(194,31,'Yardımlı','Asia/Baku',6),(195,31,'Yevlax','Asia/Baku',5),(196,31,'Yevlax','Asia/Baku',4),(197,31,'Zǝngilan','Asia/Baku',3),(198,31,'Zaqatala','Asia/Baku',2),(199,31,'Zǝrdab','Asia/Baku',1),(200,32,'Buenos Aires','America/Argentina/Buenos_Aires',24),(201,32,'Catamarca','America/Argentina/Catamarca',23),(202,32,'Chaco','America/Argentina/Cordoba',22),(203,32,'Chubut','America/Argentina/Catamarca',21),(204,32,'Córdoba','America/Argentina/Cordoba',20),(205,32,'Corrientes','America/Argentina/Cordoba',19),(206,32,'Distrito Federal','America/Argentina/Buenos_Aires',18),(207,32,'Entre Ríos','America/Argentina/Cordoba',17),(208,32,'Formosa','America/Argentina/Cordoba',16),(209,32,'Jujuy','America/Argentina/Jujuy',15),(210,32,'La Pampa','America/Argentina/Cordoba',14),(211,32,'La Rioja','America/Argentina/La_Rioja',13),(212,32,'Mendoza','America/Argentina/Mendoza',12),(213,32,'Misiones','America/Argentina/Cordoba',11),(214,32,'Neuquén','America/Argentina/Cordoba',10),(215,32,'Río Negro','America/Argentina/Cordoba',9),(216,32,'Salta','America/Argentina/Cordoba',8),(217,32,'San Juan','America/Argentina/San_Juan',7),(218,32,'San Luis','America/Argentina/Cordoba',6),(219,32,'Santa Cruz','America/Argentina/Rio_Gallegos',5),(220,32,'Santa Fe','America/Argentina/Cordoba',4),(221,32,'Santiago del Estero','America/Argentina/Cordoba',3),(222,32,'Tierra del Fuego, Antártida e Islas del Atlán','America/Argentina/Ushuaia',2),(223,32,'Tucumán','America/Argentina/Tucuman',1),(224,36,'Australian Capital Territory','Australia/Sydney',8),(225,36,'New South Wales','Australia/Sydney',7),(226,36,'Northern Territory','Australia/Darwin',6),(227,36,'Queensland','Australia/Brisbane',5),(228,36,'South Australia','Australia/Adelaide',4),(229,36,'Tasmania','Australia/Hobart',3),(230,36,'Victoria','Australia/Melbourne',2),(231,36,'Western Australia','Australia/Perth',1),(232,40,'Burgenland','Europe/Vienna',9),(233,40,'Carinthia','Europe/Vienna',8),(234,40,'Lower Austria','Europe/Vienna',7),(235,40,'Upper Austria','Europe/Vienna',6),(236,40,'Salzburg','Europe/Vienna',5),(237,40,'Styria','Europe/Vienna',4),(238,40,'Tyrol','Europe/Vienna',3),(239,40,'Vorarlberg','Europe/Vienna',2),(240,40,'Vienna','Europe/Vienna',1),(241,44,'Bimini','America/Nassau',31),(242,44,'Cat Island','America/Nassau',30),(243,44,'Inagua','America/Nassau',29),(244,44,'Long Island','America/Nassau',28),(245,44,'Mayaguana','America/Nassau',27),(246,44,'Ragged Island','America/Nassau',26),(247,44,'Harbour Island, Eleuthera','America/Nassau',25),(248,44,'North Abaco','America/Nassau',24),(249,44,'Acklins','America/Nassau',23),(250,44,'City of Freeport, Grand Bahama','America/Nassau',22),(251,44,'South Andros','America/Nassau',21),(252,44,'Hope Town, Abaco','America/Nassau',20),(253,44,'Mangrove Cay, Andros','America/Nassau',19),(254,44,'Mooreʼs Island, Abaco','America/Nassau',18),(255,44,'Rum Cay','America/Nassau',17),(256,44,'North Andros','America/Nassau',16),(257,44,'North Eleuthera','America/Nassau',15),(258,44,'South Eleuthera','America/Nassau',14),(259,44,'South Abaco','America/Nassau',13),(260,44,'San Salvador','America/Nassau',12),(261,44,'Berry Islands','America/Nassau',11),(262,44,'Black Point, Exuma','America/Nassau',10),(263,44,'Central Abaco','America/Nassau',9),(264,44,'Central Andros','America/Nassau',8),(265,44,'Central Eleuthera','America/Nassau',7),(266,44,'Crooked Island','America/Nassau',6),(267,44,'East Grand Bahama','America/Nassau',5),(268,44,'Exuma','America/Nassau',4),(269,44,'Grand Cay, Abaco','America/Nassau',3),(270,44,'Spanish Wells, Eleuthera','America/Nassau',2),(271,44,'West Grand Bahama','America/Nassau',1),(272,48,'Southern Governate','Asia/Bahrain',5),(273,48,'Northern Governate','Asia/Bahrain',4),(274,48,'Capital Governate','Asia/Bahrain',3),(275,48,'Central Governate','Asia/Bahrain',2),(276,48,'Muharraq Governate','Asia/Bahrain',1),(277,50,'BG80','Asia/Dhaka',7),(278,50,'Dhaka','Asia/Dhaka',6),(279,50,'Khulna','Asia/Dhaka',5),(280,50,'Rājshāhi','Asia/Dhaka',4),(281,50,'Chittagong','Asia/Dhaka',3),(282,50,'Barisāl','Asia/Dhaka',2),(283,50,'Sylhet','Asia/Dhaka',1),(284,51,'Aragatsotn','Asia/Yerevan',11),(285,51,'Ararat','Asia/Yerevan',10),(286,51,'Armavir','Asia/Yerevan',9),(287,51,'Gegharkʼunikʼ','Asia/Yerevan',8),(288,51,'Kotaykʼ','Asia/Yerevan',7),(289,51,'Lorri','Asia/Yerevan',6),(290,51,'Shirak','Asia/Yerevan',5),(291,51,'Syunikʼ','Asia/Yerevan',4),(292,51,'Tavush','Asia/Yerevan',3),(293,51,'Vayotsʼ Dzor','Asia/Yerevan',2),(294,51,'Yerevan','Asia/Yerevan',1),(295,52,'Christ Church','America/Barbados',11),(296,52,'Saint Andrew','America/Barbados',10),(297,52,'Saint George','America/Barbados',9),(298,52,'Saint James','America/Barbados',8),(299,52,'Saint John','America/Barbados',7),(300,52,'Saint Joseph','America/Barbados',6),(301,52,'Saint Lucy','America/Barbados',5),(302,52,'Saint Michael','America/Barbados',4),(303,52,'Saint Peter','America/Barbados',3),(304,52,'Saint Philip','America/Barbados',2),(305,52,'Saint Thomas','America/Barbados',1),(306,56,'Bruxelles-Capitale','Europe/Brussels',3),(307,56,'Flanders','Europe/Brussels',2),(308,56,'Wallonia','Europe/Brussels',1),(309,60,'Devonshire','Atlantic/Bermuda',11),(310,60,'Hamilton (parish)','Atlantic/Bermuda',10),(311,60,'Hamilton (city)','Atlantic/Bermuda',9),(312,60,'Paget','Atlantic/Bermuda',8),(313,60,'Pembroke','Atlantic/Bermuda',7),(314,60,'Saint Georgeʼs (parish)','Atlantic/Bermuda',6),(315,60,'Saint Georgeʼs (city)','Atlantic/Bermuda',5),(316,60,'Sandys','Atlantic/Bermuda',4),(317,60,'Smithʼs','Atlantic/Bermuda',3),(318,60,'Southampton','Atlantic/Bermuda',2),(319,60,'Warwick','Atlantic/Bermuda',1),(320,64,'Bumthang','Asia/Thimphu',17),(321,64,'Chhukha','Asia/Thimphu',16),(322,64,'Chirang','Asia/Thimphu',15),(323,64,'Daga','Asia/Thimphu',14),(324,64,'Geylegphug','Asia/Thimphu',13),(325,64,'Ha','Asia/Thimphu',12),(326,64,'Lhuntshi','Asia/Thimphu',11),(327,64,'Mongar','Asia/Thimphu',10),(328,64,'Paro District','Asia/Thimphu',9),(329,64,'Pemagatsel','Asia/Thimphu',8),(330,64,'Samchi','Asia/Thimphu',7),(331,64,'Samdrup Jongkhar District','Asia/Thimphu',6),(332,64,'Shemgang','Asia/Thimphu',5),(333,64,'Tashigang','Asia/Thimphu',4),(334,64,'Thimphu','Asia/Thimphu',3),(335,64,'Tongsa','Asia/Thimphu',2),(336,64,'Wangdi Phodrang','Asia/Thimphu',1),(337,68,'Chuquisaca','America/La_Paz',9),(338,68,'Cochabamba','America/La_Paz',8),(339,68,'El Beni','America/La_Paz',7),(340,68,'La Paz','America/La_Paz',6),(341,68,'Oruro','America/La_Paz',5),(342,68,'Pando','America/La_Paz',4),(343,68,'Potosí','America/La_Paz',3),(344,68,'Santa Cruz','America/La_Paz',2),(345,68,'Tarija','America/La_Paz',1),(346,70,'Federation of Bosnia and Herzegovina','Europe/Sarajevo',3),(347,70,'Republika Srpska','Europe/Sarajevo',2),(348,70,'Brčko','Europe/Sarajevo',1),(349,72,'Central','Africa/Gaborone',11),(350,72,'Chobe','Africa/Gaborone',10),(351,72,'Ghanzi','Africa/Gaborone',9),(352,72,'Kgalagadi','Africa/Gaborone',8),(353,72,'Kgatleng','Africa/Gaborone',7),(354,72,'Kweneng','Africa/Gaborone',6),(355,72,'Ngamiland','Africa/Gaborone',5),(356,72,'North East','Africa/Gaborone',4),(357,72,'South East','Africa/Gaborone',3),(358,72,'Southern','Africa/Gaborone',2),(359,72,'North West','Africa/Gaborone',1),(360,76,'Acre','America/Rio_Branco',30),(361,76,'Alagoas','America/Maceio',29),(362,76,'Amapá','America/Belem',28),(363,76,'Estado do Amazonas','America/Manaus',27),(364,76,'Bahia','America/Bahia',26),(365,76,'Ceará','America/Fortaleza',25),(366,76,'Distrito Federal','America/Sao_Paulo',24),(367,76,'Espírito Santo','America/Sao_Paulo',23),(368,76,'Fernando de Noronha','America/Recife',22),(369,76,'Goias','America/Sao_Paulo',21),(370,76,'Mato Grosso do Sul','America/Campo_Grande',20),(371,76,'Maranhão','America/Fortaleza',19),(372,76,'Mato Grosso','America/Cuiaba',18),(373,76,'Minas Gerais','America/Sao_Paulo',17),(374,76,'Pará','America/Belem',16),(375,76,'Paraíba','America/Fortaleza',15),(376,76,'Paraná','America/Sao_Paulo',14),(377,76,'Pernambuco','America/Noronha',13),(378,76,'Piauí','America/Fortaleza',12),(379,76,'State of Rio de Janeiro','America/Sao_Paulo',11),(380,76,'Rio Grande do Norte','America/Fortaleza',10),(381,76,'Rio Grande do Sul','America/Sao_Paulo',9),(382,76,'Rondônia','America/Porto_Velho',8),(383,76,'Roraima','America/Boa_Vista',7),(384,76,'Santa Catarina','America/Sao_Paulo',6),(385,76,'São Paulo','America/Sao_Paulo',5),(386,76,'Sergipe','America/Maceio',4),(387,76,'Estado de Goiás','America/Sao_Paulo',3),(388,76,'Pernambuco','America/Noronha',2),(389,76,'Tocantins','America/Araguaina',1),(390,84,'Belize','America/Belize',6),(391,84,'Cayo','America/Belize',5),(392,84,'Corozal','America/Belize',4),(393,84,'Orange Walk','America/Belize',3),(394,84,'Stann Creek','America/Belize',2),(395,84,'Toledo','America/Belize',1),(396,86,'British Indian Ocean Territory','Indian/Chagos',1),(397,90,'Malaita','Pacific/Guadalcanal',11),(398,90,'Western','Pacific/Guadalcanal',10),(399,90,'Central','Pacific/Guadalcanal',9),(400,90,'Guadalcanal','Pacific/Guadalcanal',8),(401,90,'Isabel','Pacific/Guadalcanal',7),(402,90,'Makira','Pacific/Guadalcanal',6),(403,90,'Temotu','Pacific/Guadalcanal',5),(404,90,'Central Province','Pacific/Guadalcanal',4),(405,90,'Choiseul','Pacific/Guadalcanal',3),(406,90,'Rennell and Bellona','Pacific/Guadalcanal',2),(407,90,'Rennell and Bellona','Pacific/Guadalcanal',1),(408,92,'British Virgin Islands','America/Tortola',1),(409,96,'Belait','Asia/Brunei',4),(410,96,'Brunei and Muara','Asia/Brunei',3),(411,96,'Temburong','Asia/Brunei',2),(412,96,'Tutong','Asia/Brunei',1),(413,100,'Burgas','Europe/Sofia',37),(414,100,'Grad','Europe/Sofia',36),(415,100,'Khaskovo','Europe/Sofia',35),(416,100,'Lovech','Europe/Sofia',34),(417,100,'Mikhaylovgrad','Europe/Sofia',33),(418,100,'Plovdiv','Europe/Sofia',32),(419,100,'Razgrad','Europe/Sofia',31),(420,100,'Sofiya','Europe/Sofia',30),(421,100,'Varna','Europe/Sofia',29),(422,100,'Blagoevgrad','Europe/Sofia',28),(423,100,'Burgas','Europe/Sofia',27),(424,100,'Dobrich','Europe/Sofia',26),(425,100,'Gabrovo','Europe/Sofia',25),(426,100,'Oblast Sofiya-Grad','Europe/Sofia',24),(427,100,'Khaskovo','Europe/Sofia',23),(428,100,'Kŭrdzhali','Europe/Sofia',22),(429,100,'Kyustendil','Europe/Sofia',21),(430,100,'Lovech','Europe/Sofia',20),(431,100,'Montana','Europe/Sofia',19),(432,100,'Pazardzhit','Europe/Sofia',18),(433,100,'Pernik','Europe/Sofia',17),(434,100,'Pleven','Europe/Sofia',16),(435,100,'Plovdiv','Europe/Sofia',15),(436,100,'Razgrad','Europe/Sofia',14),(437,100,'Ruse','Europe/Sofia',13),(438,100,'Shumen','Europe/Sofia',12),(439,100,'Silistra','Europe/Sofia',11),(440,100,'Sliven','Europe/Sofia',10),(441,100,'Smolyan','Europe/Sofia',9),(442,100,'Sofiya','Europe/Sofia',8),(443,100,'Stara Zagora','Europe/Sofia',7),(444,100,'Tŭrgovishte','Europe/Sofia',6),(445,100,'Varna','Europe/Sofia',5),(446,100,'Veliko Tŭrnovo','Europe/Sofia',4),(447,100,'Vidin','Europe/Sofia',3),(448,100,'Vratsa','Europe/Sofia',2),(449,100,'Yambol','Europe/Sofia',1),(450,104,'Rakhine State','Asia/Rangoon',17),(451,104,'Chin State','Asia/Rangoon',16),(452,104,'Ayeyarwady','Asia/Rangoon',15),(453,104,'Kachin State','Asia/Rangoon',14),(454,104,'Kayin State','Asia/Rangoon',13),(455,104,'Kayah State','Asia/Rangoon',12),(456,104,'Magwe','Asia/Rangoon',11),(457,104,'Mandalay','Asia/Rangoon',10),(458,104,'Pegu','Asia/Rangoon',9),(459,104,'Sagain','Asia/Rangoon',8),(460,104,'Shan State','Asia/Rangoon',7),(461,104,'Tanintharyi','Asia/Rangoon',6),(462,104,'Mon State','Asia/Rangoon',5),(463,104,'Rangoon','Asia/Rangoon',4),(464,104,'Magway','Asia/Rangoon',3),(465,104,'Bago','Asia/Rangoon',2),(466,104,'Yangon','Asia/Rangoon',1),(467,108,'Bujumbura','Africa/Bujumbura',16),(468,108,'Bubanza','Africa/Bujumbura',15),(469,108,'Bururi','Africa/Bujumbura',14),(470,108,'Cankuzo','Africa/Bujumbura',13),(471,108,'Cibitoke','Africa/Bujumbura',12),(472,108,'Gitega','Africa/Bujumbura',11),(473,108,'Karuzi','Africa/Bujumbura',10),(474,108,'Kayanza','Africa/Bujumbura',9),(475,108,'Kirundo','Africa/Bujumbura',8),(476,108,'Makamba','Africa/Bujumbura',7),(477,108,'Muyinga','Africa/Bujumbura',6),(478,108,'Ngozi','Africa/Bujumbura',5),(479,108,'Rutana','Africa/Bujumbura',4),(480,108,'Ruyigi','Africa/Bujumbura',3),(481,108,'Muramvya','Africa/Bujumbura',2),(482,108,'Mwaro','Africa/Bujumbura',1),(483,112,'Brestskaya Voblastsʼ','Europe/Minsk',7),(484,112,'Homyelʼskaya Voblastsʼ','Europe/Minsk',6),(485,112,'Hrodzyenskaya Voblastsʼ','Europe/Minsk',5),(486,112,'Mahilyowskaya Voblastsʼ','Europe/Minsk',4),(487,112,'Horad Minsk','Europe/Minsk',3),(488,112,'Minskaya Voblastsʼ','Europe/Minsk',2),(489,112,'Vitsyebskaya Voblastsʼ','Europe/Minsk',1),(490,116,'Krŏng Preăh Seihânŭ','Asia/Phnom_Penh',26),(491,116,'Kâmpóng Cham','Asia/Phnom_Penh',25),(492,116,'Kâmpóng Chhnăng','Asia/Phnom_Penh',24),(493,116,'Khétt Kâmpóng Spœ','Asia/Phnom_Penh',23),(494,116,'Kâmpóng Thum','Asia/Phnom_Penh',22),(495,116,'Kândal','Asia/Phnom_Penh',21),(496,116,'Kaôh Kŏng','Asia/Phnom_Penh',20),(497,116,'Krâchéh','Asia/Phnom_Penh',19),(498,116,'Môndól Kiri','Asia/Phnom_Penh',18),(499,116,'Phnum Penh','Asia/Phnom_Penh',17),(500,116,'Poŭthĭsăt','Asia/Phnom_Penh',16),(501,116,'Preăh Vihéar','Asia/Phnom_Penh',15),(502,116,'Prey Vêng','Asia/Phnom_Penh',14),(503,116,'Stœ̆ng Trêng','Asia/Phnom_Penh',13),(504,116,'Svay Riĕng','Asia/Phnom_Penh',12),(505,116,'Takêv','Asia/Phnom_Penh',11),(506,116,'Kâmpôt','Asia/Phnom_Penh',10),(507,116,'Phnum Pénh','Asia/Phnom_Penh',9),(508,116,'Rôtânăh Kiri','Asia/Phnom_Penh',8),(509,116,'Siĕm Réab','Asia/Phnom_Penh',7),(510,116,'Bantéay Méan Cheăy','Asia/Phnom_Penh',6),(511,116,'Kêb','Asia/Phnom_Penh',5),(512,116,'Ŏtdâr Méan Cheăy','Asia/Phnom_Penh',4),(513,116,'Preăh Seihânŭ','Asia/Phnom_Penh',3),(514,116,'Bătdâmbâng','Asia/Phnom_Penh',2),(515,116,'Palĭn','Asia/Phnom_Penh',1),(516,120,'Est','Africa/Douala',10),(517,120,'Littoral','Africa/Douala',9),(518,120,'North-West Province','Africa/Douala',8),(519,120,'Ouest','Africa/Douala',7),(520,120,'South-West Province','Africa/Douala',6),(521,120,'Adamaoua','Africa/Douala',5),(522,120,'Centre','Africa/Douala',4),(523,120,'Extreme-Nord','Africa/Douala',3),(524,120,'North Province','Africa/Douala',2),(525,120,'South Province','Africa/Douala',1),(526,124,'Alberta','America/Edmonton',13),(527,124,'British Columbia','America/Vancouver',12),(528,124,'Manitoba','America/Winnipeg',11),(529,124,'New Brunswick','America/Halifax',10),(530,124,'Newfoundland and Labrador','America/Goose_Bay',9),(531,124,'Nova Scotia','America/Halifax',8),(532,124,'Ontario','America/Toronto',7),(533,124,'Prince Edward Island','America/Halifax',6),(534,124,'Quebec','America/Montreal',5),(535,124,'Saskatchewan','America/Winnipeg',4),(536,124,'Yukon','America/Whitehorse',3),(537,124,'Northwest Territories','America/Yellowknife',2),(538,124,'Nunavut','America/Rankin_Inlet',1),(539,132,'Boa Vista','Atlantic/Cape_Verde',19),(540,132,'Brava','Atlantic/Cape_Verde',18),(541,132,'Maio','Atlantic/Cape_Verde',17),(542,132,'Paul','Atlantic/Cape_Verde',16),(543,132,'Praia','Atlantic/Cape_Verde',15),(544,132,'Ribeira Grande','Atlantic/Cape_Verde',14),(545,132,'Sal','Atlantic/Cape_Verde',13),(546,132,'Santa Catarina   ','Atlantic/Cape_Verde',12),(547,132,'São Nicolau','Atlantic/Cape_Verde',11),(548,132,'São Vicente','Atlantic/Cape_Verde',10),(549,132,'Tarrafal ','Atlantic/Cape_Verde',9),(550,132,'Mosteiros','Atlantic/Cape_Verde',8),(551,132,'Praia','Atlantic/Cape_Verde',7),(552,132,'Santa Catarina','Atlantic/Cape_Verde',6),(553,132,'Santa Cruz','Atlantic/Cape_Verde',5),(554,132,'São Domingos','Atlantic/Cape_Verde',4),(555,132,'São Filipe','Atlantic/Cape_Verde',3),(556,132,'São Miguel','Atlantic/Cape_Verde',2),(557,132,'Tarrafal','Atlantic/Cape_Verde',1),(558,136,'Creek','America/Cayman',8),(559,136,'Eastern','America/Cayman',7),(560,136,'Midland','America/Cayman',6),(561,136,'South Town','America/Cayman',5),(562,136,'Spot Bay','America/Cayman',4),(563,136,'Stake Bay','America/Cayman',3),(564,136,'West End','America/Cayman',2),(565,136,'Western','America/Cayman',1),(566,140,'Bamingui-Bangoran','Africa/Bangui',17),(567,140,'Basse-Kotto','Africa/Bangui',16),(568,140,'Haute-Kotto','Africa/Bangui',15),(569,140,'Mambéré-Kadéï','Africa/Bangui',14),(570,140,'Haut-Mbomou','Africa/Bangui',13),(571,140,'Kémo','Africa/Bangui',12),(572,140,'Lobaye','Africa/Bangui',11),(573,140,'Mbomou','Africa/Bangui',10),(574,140,'Nana-Mambéré','Africa/Bangui',9),(575,140,'Ouaka','Africa/Bangui',8),(576,140,'Ouham','Africa/Bangui',7),(577,140,'Ouham-Pendé','Africa/Bangui',6),(578,140,'Vakaga','Africa/Bangui',5),(579,140,'Nana-Grébizi','Africa/Bangui',4),(580,140,'Sangha-Mbaéré','Africa/Bangui',3),(581,140,'Ombella-Mpoko','Africa/Bangui',2),(582,140,'Bangui','Africa/Bangui',1),(583,144,'Central','Asia/Colombo',8),(584,144,'North Central','Asia/Colombo',7),(585,144,'North Eastern','Asia/Colombo',6),(586,144,'North Western','Asia/Colombo',5),(587,144,'Sabaragamuwa','Asia/Colombo',4),(588,144,'Southern','Asia/Colombo',3),(589,144,'Uva','Asia/Colombo',2),(590,144,'Western','Asia/Colombo',1),(591,148,'Batha','Africa/Ndjamena',14),(592,148,'Biltine','Africa/Ndjamena',13),(593,148,'Borkou-Ennedi-Tibesti','Africa/Ndjamena',12),(594,148,'Chari-Baguirmi','Africa/Ndjamena',11),(595,148,'Guéra','Africa/Ndjamena',10),(596,148,'Kanem','Africa/Ndjamena',9),(597,148,'Lac','Africa/Ndjamena',8),(598,148,'Logone Occidental','Africa/Ndjamena',7),(599,148,'Logone Oriental','Africa/Ndjamena',6),(600,148,'Mayo-Kébbi','Africa/Ndjamena',5),(601,148,'Moyen-Chari','Africa/Ndjamena',4),(602,148,'Ouaddaï','Africa/Ndjamena',3),(603,148,'Salamat','Africa/Ndjamena',2),(604,148,'Tandjilé','Africa/Ndjamena',1),(605,152,'Valparaíso','America/Santiago',17),(606,152,'Aisén del General Carlos Ibáñez del Campo','America/Santiago',16),(607,152,'Antofagasta','America/Santiago',15),(608,152,'Araucanía','America/Santiago',14),(609,152,'Atacama','America/Santiago',13),(610,152,'Bío-Bío','America/Santiago',12),(611,152,'Coquimbo','America/Santiago',11),(612,152,'Libertador General Bernardo OʼHiggins','America/Santiago',10),(613,152,'Los Lagos','America/Santiago',9),(614,152,'Magallanes y Antártica Chilena','America/Santiago',8),(615,152,'Maule','America/Santiago',7),(616,152,'Región Metropolitana','America/Santiago',6),(617,152,'Tarapaca','America/Santiago',5),(618,152,'Los Lagos','America/Santiago',4),(619,152,'Tarapacá','America/Santiago',3),(620,152,'Región de Arica y Parinacota','America/Santiago',2),(621,152,'Región de Los Ríos','America/Santiago',1),(622,156,'Anhui','Asia/Ho_Chi_Minh',33),(623,156,'Zhejiang','Asia/Ho_Chi_Minh',32),(624,156,'Jiangxi','Asia/Ho_Chi_Minh',31),(625,156,'Jiangsu','Asia/Ho_Chi_Minh',30),(626,156,'Jilin','Asia/Ho_Chi_Minh',29),(627,156,'Qinghai','Asia/Ho_Chi_Minh',28),(628,156,'Fujian','Asia/Ho_Chi_Minh',27),(629,156,'Heilongjiang','Asia/Ho_Chi_Minh',26),(630,156,'Henan','Asia/Ho_Chi_Minh',25),(631,156,'disputed','Asia/Ho_Chi_Minh',24),(632,156,'Hebei','Asia/Ho_Chi_Minh',23),(633,156,'Hunan Province','Asia/Ho_Chi_Minh',22),(634,156,'Hubei','Asia/Ho_Chi_Minh',21),(635,156,'Xinjiang','Asia/Ho_Chi_Minh',20),(636,156,'Xizang','Asia/Ho_Chi_Minh',19),(637,156,'Gansu','Asia/Ho_Chi_Minh',18),(638,156,'Guangxi','Asia/Ho_Chi_Minh',17),(639,156,'Guizhou','Asia/Ho_Chi_Minh',16),(640,156,'Liaoning Province','Asia/Ho_Chi_Minh',15),(641,156,'Inner Mongolia','Asia/Ho_Chi_Minh',14),(642,156,'Ningxia','Asia/Ho_Chi_Minh',13),(643,156,'Beijing','Asia/Ho_Chi_Minh',12),(644,156,'Shanghai','Asia/Ho_Chi_Minh',11),(645,156,'Shanxi','Asia/Ho_Chi_Minh',10),(646,156,'Shandong','Asia/Ho_Chi_Minh',9),(647,156,'Shaanxi','Asia/Ho_Chi_Minh',8),(648,156,'Tianjin','Asia/Ho_Chi_Minh',7),(649,156,'Yunnan Province','Asia/Ho_Chi_Minh',6),(650,156,'Guangdong','Asia/Ho_Chi_Minh',5),(651,156,'Hainan Province','Asia/Ho_Chi_Minh',4),(652,156,'Sichuan','Asia/Ho_Chi_Minh',3),(653,156,'Chongqing','Asia/Ho_Chi_Minh',2),(654,156,'PF99','Asia/Ho_Chi_Minh',1),(655,158,'Fukien','Asia/Taipei',4),(656,158,'Kaohsiung','Asia/Taipei',3),(657,158,'Taipei','Asia/Taipei',2),(658,158,'Taiwan','Asia/Taipei',1),(659,162,'Christmas Island','Indian/Christmas',1),(660,166,'Cocos (Keeling) Islands','Indian/Cocos',1),(661,170,'Amazonas','America/Bogota',37),(662,170,'Antioquia','America/Bogota',36),(663,170,'Arauca','America/Bogota',35),(664,170,'Atlántico','America/Bogota',34),(665,170,'Bolívar','America/Bogota',33),(666,170,'Boyacá','America/Bogota',32),(667,170,'Caldas','America/Bogota',31),(668,170,'Caquetá','America/Bogota',30),(669,170,'Cauca','America/Bogota',29),(670,170,'Cesar','America/Bogota',28),(671,170,'Chocó','America/Bogota',27),(672,170,'Córdoba','America/Bogota',26),(673,170,'Guaviare','America/Bogota',25),(674,170,'Guainía','America/Bogota',24),(675,170,'Huila','America/Bogota',23),(676,170,'La Guajira','America/Bogota',22),(677,170,'Magdalena','America/Bogota',21),(678,170,'Meta','America/Bogota',20),(679,170,'Nariño','America/Bogota',19),(680,170,'Norte de Santander','America/Bogota',18),(681,170,'Putumayo','America/Bogota',17),(682,170,'Quindío','America/Bogota',16),(683,170,'Risaralda','America/Bogota',15),(684,170,'Archipiélago de San Andrés, Providencia y San','America/Bogota',14),(685,170,'Santander','America/Bogota',13),(686,170,'Sucre','America/Bogota',12),(687,170,'Tolima','America/Bogota',11),(688,170,'Valle del Cauca','America/Bogota',10),(689,170,'Vaupés','America/Bogota',9),(690,170,'Vichada','America/Bogota',8),(691,170,'Casanare','America/Bogota',7),(692,170,'Cundinamarca','America/Bogota',6),(693,170,'Bogota D.C.','America/Bogota',5),(694,170,'Bolívar','America/Bogota',4),(695,170,'Boyacá','America/Bogota',3),(696,170,'Caldas','America/Bogota',2),(697,170,'Magdalena','America/Bogota',1),(698,174,'Anjouan','Indian/Comoro',3),(699,174,'Grande Comore','Indian/Comoro',2),(700,174,'Mohéli','Indian/Comoro',1),(701,175,'Mayotte','Indian/Mayotte',1),(702,178,'Bouenza','Africa/Brazzaville',13),(703,178,'CF03','Africa/Brazzaville',12),(704,178,'Kouilou','Africa/Brazzaville',11),(705,178,'Lékoumou','Africa/Brazzaville',10),(706,178,'Likouala','Africa/Brazzaville',9),(707,178,'Niari','Africa/Brazzaville',8),(708,178,'Plateaux','Africa/Brazzaville',7),(709,178,'Sangha','Africa/Brazzaville',6),(710,178,'Pool','Africa/Brazzaville',5),(711,178,'Brazzaville','Africa/Brazzaville',4),(712,178,'Cuvette','Africa/Brazzaville',3),(713,178,'Cuvette-Ouest','Africa/Brazzaville',2),(714,178,'Pointe-Noire','Africa/Brazzaville',1),(715,180,'Bandundu','Africa/Kinshasa',11),(716,180,'Équateur','Africa/Kinshasa',10),(717,180,'Kasaï-Occidental','Africa/Lubumbashi',9),(718,180,'Kasaï-Oriental','Africa/Lubumbashi',8),(719,180,'Katanga','Africa/Lubumbashi',7),(720,180,'Kinshasa','Africa/Kinshasa',6),(721,180,'Bas-Congo','Africa/Kinshasa',5),(722,180,'Orientale','Africa/Lubumbashi',4),(723,180,'Maniema','Africa/Lubumbashi',3),(724,180,'Nord-Kivu','Africa/Lubumbashi',2),(725,180,'Sud-Kivu','Africa/Lubumbashi',1),(726,184,'Cook Islands','Pacific/Rarotonga',1),(727,188,'Alajuela','America/Costa_Rica',7),(728,188,'Cartago','America/Costa_Rica',6),(729,188,'Guanacaste','America/Costa_Rica',5),(730,188,'Heredia','America/Costa_Rica',4),(731,188,'Limón','America/Costa_Rica',3),(732,188,'Puntarenas','America/Costa_Rica',2),(733,188,'San José','America/Costa_Rica',1),(734,191,'Bjelovarsko-Bilogorska','Europe/Zagreb',21),(735,191,'Brodsko-Posavska','Europe/Zagreb',20),(736,191,'Dubrovačko-Neretvanska','Europe/Zagreb',19),(737,191,'Istarska','Europe/Zagreb',18),(738,191,'Karlovačka','Europe/Zagreb',17),(739,191,'Koprivničko-Križevačka','Europe/Zagreb',16),(740,191,'Krapinsko-Zagorska','Europe/Zagreb',15),(741,191,'Ličko-Senjska','Europe/Zagreb',14),(742,191,'Međimurska','Europe/Zagreb',13),(743,191,'Osječko-Baranjska','Europe/Zagreb',12),(744,191,'Požeško-Slavonska','Europe/Zagreb',11),(745,191,'Primorsko-Goranska','Europe/Zagreb',10),(746,191,'Šibensko-Kniniska','Europe/Zagreb',9),(747,191,'Sisačko-Moslavačka','Europe/Zagreb',8),(748,191,'Splitsko-Dalmatinska','Europe/Zagreb',7),(749,191,'Varaždinska','Europe/Zagreb',6),(750,191,'Virovitičk-Podravska','Europe/Zagreb',5),(751,191,'Vukovarsko-Srijemska','Europe/Zagreb',4),(752,191,'Zadarska','Europe/Zagreb',3),(753,191,'Zagrebačka','Europe/Zagreb',2),(754,191,'Grad Zagreb','Europe/Zagreb',1),(755,192,'Pinar del Río','America/Havana',15),(756,192,'Ciudad de La Habana','America/Havana',14),(757,192,'Matanzas','America/Havana',13),(758,192,'Isla de la Juventud','America/Havana',12),(759,192,'Camagüey','America/Havana',11),(760,192,'Ciego de Ávila','America/Havana',10),(761,192,'Cienfuegos','America/Havana',9),(762,192,'Granma','America/Havana',8),(763,192,'Guantánamo','America/Havana',7),(764,192,'La Habana','America/Havana',6),(765,192,'Holguín','America/Havana',5),(766,192,'Las Tunas','America/Havana',4),(767,192,'Sancti Spíritus','America/Havana',3),(768,192,'Santiago de Cuba','America/Havana',2),(769,192,'Villa Clara','America/Havana',1),(770,196,'Famagusta','Asia/Nicosia',6),(771,196,'Kyrenia','Asia/Nicosia',5),(772,196,'Larnaca','Asia/Nicosia',4),(773,196,'Nicosia','Asia/Nicosia',3),(774,196,'Limassol','Asia/Nicosia',2),(775,196,'Paphos','Asia/Nicosia',1),(776,203,'Hradec Kralove','Europe/Prague',27),(777,203,'Jablonec nad Nisou','Europe/Prague',26),(778,203,'Jiein','Europe/Prague',25),(779,203,'Jihlava','Europe/Prague',24),(780,203,'Kolin','Europe/Prague',23),(781,203,'Liberec','Europe/Prague',22),(782,203,'Melnik','Europe/Prague',21),(783,203,'Mlada Boleslav','Europe/Prague',20),(784,203,'Nachod','Europe/Prague',19),(785,203,'Nymburk','Europe/Prague',18),(786,203,'Pardubice','Europe/Prague',17),(787,203,'Hlavní Mesto Praha','Europe/Prague',16),(788,203,'Semily','Europe/Prague',15),(789,203,'Trutnov','Europe/Prague',14),(790,203,'South Moravian Region','Europe/Prague',13),(791,203,'Jihočeský Kraj','Europe/Prague',12),(792,203,'Vysočina','Europe/Prague',11),(793,203,'Karlovarský Kraj','Europe/Prague',10),(794,203,'Královéhradecký Kraj','Europe/Prague',9),(795,203,'Liberecký Kraj','Europe/Prague',8),(796,203,'Olomoucký Kraj','Europe/Prague',7),(797,203,'Moravskoslezský Kraj','Europe/Prague',6),(798,203,'Pardubický Kraj','Europe/Prague',5),(799,203,'Plzeňský Kraj','Europe/Prague',4),(800,203,'Středočeský Kraj','Europe/Prague',3),(801,203,'Ústecký Kraj','Europe/Prague',2),(802,203,'Zlínský Kraj','Europe/Prague',1),(803,204,'Atakora','Africa/Porto-Novo',12),(804,204,'Atlantique','Africa/Porto-Novo',11),(805,204,'Alibori','Africa/Porto-Novo',10),(806,204,'Borgou','Africa/Porto-Novo',9),(807,204,'Collines','Africa/Porto-Novo',8),(808,204,'Kouffo','Africa/Porto-Novo',7),(809,204,'Donga','Africa/Porto-Novo',6),(810,204,'Littoral','Africa/Porto-Novo',5),(811,204,'Mono','Africa/Porto-Novo',4),(812,204,'Ouémé','Africa/Porto-Novo',3),(813,204,'Plateau','Africa/Porto-Novo',2),(814,204,'Zou','Africa/Porto-Novo',1),(815,208,'Århus','Europe/Copenhagen',21),(816,208,'Bornholm','Europe/Copenhagen',20),(817,208,'Frederiksborg','Europe/Copenhagen',19),(818,208,'Fyn','Europe/Copenhagen',18),(819,208,'Copenhagen city','Europe/Copenhagen',17),(820,208,'København','Europe/Copenhagen',16),(821,208,'Nordjylland','Europe/Copenhagen',15),(822,208,'Ribe','Europe/Copenhagen',14),(823,208,'Ringkøbing','Europe/Copenhagen',13),(824,208,'Roskilde','Europe/Copenhagen',12),(825,208,'Sønderjylland','Europe/Copenhagen',11),(826,208,'Storstrøm','Europe/Copenhagen',10),(827,208,'Vejle','Europe/Copenhagen',9),(828,208,'Vestsjælland','Europe/Copenhagen',8),(829,208,'Viborg','Europe/Copenhagen',7),(830,208,'Fredriksberg','Europe/Copenhagen',6),(831,208,'Capital Region','Europe/Copenhagen',5),(832,208,'Central Jutland','Europe/Copenhagen',4),(833,208,'North Jutland','Europe/Copenhagen',3),(834,208,'Region Zealand','Europe/Copenhagen',2),(835,208,'Region South Denmark','Europe/Copenhagen',1),(836,212,'Saint Andrew','America/Dominica',10),(837,212,'Saint David','America/Dominica',9),(838,212,'Saint George','America/Dominica',8),(839,212,'Saint John','America/Dominica',7),(840,212,'Saint Joseph','America/Dominica',6),(841,212,'Saint Luke','America/Dominica',5),(842,212,'Saint Mark','America/Dominica',4),(843,212,'Saint Patrick','America/Dominica',3),(844,212,'Saint Paul','America/Dominica',2),(845,212,'Saint Peter','America/Dominica',1),(846,214,'Azua','America/Santo_Domingo',32),(847,214,'Baoruco','America/Santo_Domingo',31),(848,214,'Barahona','America/Santo_Domingo',30),(849,214,'Dajabón','America/Santo_Domingo',29),(850,214,'Duarte','America/Santo_Domingo',28),(851,214,'Espaillat','America/Santo_Domingo',27),(852,214,'Independencia','America/Santo_Domingo',26),(853,214,'La Altagracia','America/Santo_Domingo',25),(854,214,'Elías Piña','America/Santo_Domingo',24),(855,214,'La Romana','America/Santo_Domingo',23),(856,214,'María Trinidad Sánchez','America/Santo_Domingo',22),(857,214,'Monte Cristi','America/Santo_Domingo',21),(858,214,'Pedernales','America/Santo_Domingo',20),(859,214,'Puerto Plata','America/Santo_Domingo',19),(860,214,'Salcedo','America/Santo_Domingo',18),(861,214,'Samaná','America/Santo_Domingo',17),(862,214,'Sánchez Ramírez','America/Santo_Domingo',16),(863,214,'San Juan','America/Santo_Domingo',15),(864,214,'San Pedro de Macorís','America/Santo_Domingo',14),(865,214,'Santiago','America/Santo_Domingo',13),(866,214,'Santiago Rodríguez','America/Santo_Domingo',12),(867,214,'Valverde','America/Santo_Domingo',11),(868,214,'El Seíbo','America/Santo_Domingo',10),(869,214,'Hato Mayor','America/Santo_Domingo',9),(870,214,'La Vega','America/Santo_Domingo',8),(871,214,'Monseñor Nouel','America/Santo_Domingo',7),(872,214,'Monte Plata','America/Santo_Domingo',6),(873,214,'San Cristóbal','America/Santo_Domingo',5),(874,214,'Distrito Nacional','America/Santo_Domingo',4),(875,214,'Peravia','America/Santo_Domingo',3),(876,214,'San José de Ocoa','America/Santo_Domingo',2),(877,214,'Santo Domingo','America/Santo_Domingo',1),(878,218,'Galápagos','Pacific/Galapagos',25),(879,218,'Azuay','America/Guayaquil',24),(880,218,'Bolívar','America/Guayaquil',23),(881,218,'Cañar','America/Guayaquil',22),(882,218,'Carchi','America/Guayaquil',21),(883,218,'Chimborazo','America/Guayaquil',20),(884,218,'Cotopaxi','America/Guayaquil',19),(885,218,'El Oro','America/Guayaquil',18),(886,218,'Esmeraldas','America/Guayaquil',17),(887,218,'Guayas','America/Guayaquil',16),(888,218,'Imbabura','America/Guayaquil',15),(889,218,'Loja','America/Guayaquil',14),(890,218,'Los Ríos','America/Guayaquil',13),(891,218,'Manabí','America/Guayaquil',12),(892,218,'Morona-Santiago','America/Guayaquil',11),(893,218,'Napo','America/Guayaquil',10),(894,218,'Pastaza','America/Guayaquil',9),(895,218,'Pichincha','America/Guayaquil',8),(896,218,'Tungurahua','America/Guayaquil',7),(897,218,'Zamora-Chinchipe','America/Guayaquil',6),(898,218,'Sucumbios','America/Guayaquil',5),(899,218,'Napo','America/Guayaquil',4),(900,218,'Orellana','America/Guayaquil',3),(901,218,'Provincia de Santa Elena','America/Guayaquil',2),(902,218,'Provincia de Santo Domingo de los Tsáchilas','America/Guayaquil',1),(903,222,'Ahuachapán','America/El_Salvador',14),(904,222,'Cabañas','America/El_Salvador',13),(905,222,'Chalatenango','America/El_Salvador',12),(906,222,'Cuscatlán','America/El_Salvador',11),(907,222,'La Libertad','America/El_Salvador',10),(908,222,'La Paz','America/El_Salvador',9),(909,222,'La Unión','America/El_Salvador',8),(910,222,'Morazán','America/El_Salvador',7),(911,222,'San Miguel','America/El_Salvador',6),(912,222,'San Salvador','America/El_Salvador',5),(913,222,'Santa Ana','America/El_Salvador',4),(914,222,'San Vicente','America/El_Salvador',3),(915,222,'Sonsonate','America/El_Salvador',2),(916,222,'Usulután','America/El_Salvador',1),(917,226,'Annobón','Africa/Malabo',7),(918,226,'Bioko Norte','Africa/Malabo',6),(919,226,'Bioko Sur','Africa/Malabo',5),(920,226,'Centro Sur','Africa/Malabo',4),(921,226,'Kié-Ntem','Africa/Malabo',3),(922,226,'Litoral','Africa/Malabo',2),(923,226,'Wele-Nzas','Africa/Malabo',1),(924,231,'Arsi','Africa/Addis_Ababa',52),(925,231,'Gonder','Africa/Addis_Ababa',51),(926,231,'Bale','Africa/Addis_Ababa',50),(927,231,'Eritrea','Africa/Addis_Ababa',49),(928,231,'Gamo Gofa','Africa/Addis_Ababa',48),(929,231,'Gojam','Africa/Addis_Ababa',47),(930,231,'Harerge','Africa/Addis_Ababa',46),(931,231,'Ilubabor','Africa/Addis_Ababa',45),(932,231,'Kefa','Africa/Addis_Ababa',44),(933,231,'Addis Abeba','Africa/Addis_Ababa',43),(934,231,'Sidamo','Africa/Addis_Ababa',42),(935,231,'Tigray','Africa/Addis_Ababa',41),(936,231,'Welega Kifle Hager','Africa/Addis_Ababa',40),(937,231,'Welo','Africa/Addis_Ababa',39),(938,231,'Adis Abeba','Africa/Addis_Ababa',38),(939,231,'Asosa','Africa/Addis_Ababa',37),(940,231,'Borena ','Africa/Addis_Ababa',36),(941,231,'Debub Gonder','Africa/Addis_Ababa',35),(942,231,'Debub Shewa','Africa/Addis_Ababa',34),(943,231,'Debub Welo','Africa/Addis_Ababa',33),(944,231,'Dire Dawa','Africa/Addis_Ababa',32),(945,231,'Gambela','Africa/Addis_Ababa',31),(946,231,'Metekel','Africa/Addis_Ababa',30),(947,231,'Mirab Gojam','Africa/Addis_Ababa',29),(948,231,'Mirab Harerge','Africa/Addis_Ababa',28),(949,231,'Mirab Shewa','Africa/Addis_Ababa',27),(950,231,'Misrak Gojam','Africa/Addis_Ababa',26),(951,231,'Misrak Harerge','Africa/Addis_Ababa',25),(952,231,'Nazret','Africa/Addis_Ababa',24),(953,231,'Ogaden','Africa/Addis_Ababa',23),(954,231,'Omo','Africa/Addis_Ababa',22),(955,231,'Semen Gonder','Africa/Addis_Ababa',21),(956,231,'Semen Shewa','Africa/Addis_Ababa',20),(957,231,'Semen Welo','Africa/Addis_Ababa',19),(958,231,'Tigray','Africa/Addis_Ababa',18),(959,231,'Bale','Africa/Addis_Ababa',17),(960,231,'Gamo Gofa','Africa/Addis_Ababa',16),(961,231,'Ilubabor','Africa/Addis_Ababa',15),(962,231,'Kefa','Africa/Addis_Ababa',14),(963,231,'Sidamo','Africa/Addis_Ababa',13),(964,231,'Welega','Africa/Addis_Ababa',12),(965,231,'Ādīs Ābeba','Africa/Addis_Ababa',11),(966,231,'Āfar','Africa/Addis_Ababa',10),(967,231,'Āmara','Africa/Addis_Ababa',9),(968,231,'Bīnshangul Gumuz','Africa/Addis_Ababa',8),(969,231,'Dirē Dawa','Africa/Addis_Ababa',7),(970,231,'Gambēla Hizboch','Africa/Addis_Ababa',6),(971,231,'Hārerī Hizb','Africa/Addis_Ababa',5),(972,231,'Oromīya','Africa/Addis_Ababa',4),(973,231,'Sumalē','Africa/Addis_Ababa',3),(974,231,'Tigray','Africa/Addis_Ababa',2),(975,231,'YeDebub Bihēroch Bihēreseboch na Hizboch','Africa/Addis_Ababa',1),(976,232,'Ānseba','Africa/Asmara',6),(977,232,'Debub','Africa/Asmara',5),(978,232,'Debubawī Kʼeyih Bahrī','Africa/Asmara',4),(979,232,'Gash Barka','Africa/Asmara',3),(980,232,'Maʼākel','Africa/Asmara',2),(981,232,'Semēnawī Kʼeyih Bahrī','Africa/Asmara',1),(982,233,'Harjumaa','Europe/Tallinn',15),(983,233,'Hiiumaa','Europe/Tallinn',14),(984,233,'Ida-Virumaa','Europe/Tallinn',13),(985,233,'Järvamaa','Europe/Tallinn',12),(986,233,'Jõgevamaa','Europe/Tallinn',11),(987,233,'Läänemaa','Europe/Tallinn',10),(988,233,'Lääne-Virumaa','Europe/Tallinn',9),(989,233,'Pärnumaa','Europe/Tallinn',8),(990,233,'Põlvamaa','Europe/Tallinn',7),(991,233,'Raplamaa','Europe/Tallinn',6),(992,233,'Saaremaa','Europe/Tallinn',5),(993,233,'Tartumaa','Europe/Tallinn',4),(994,233,'Valgamaa','Europe/Tallinn',3),(995,233,'Viljandimaa','Europe/Tallinn',2),(996,233,'Võrumaa','Europe/Tallinn',1),(997,234,'Norðoyar region','Atlantic/Faroe',6),(998,234,'Eysturoy region','Atlantic/Faroe',5),(999,234,'Sandoy region','Atlantic/Faroe',4),(1000,234,'Streymoy region','Atlantic/Faroe',3),(1001,234,'Suðuroy region','Atlantic/Faroe',2),(1002,234,'Vágar region','Atlantic/Faroe',1),(1003,238,'Falkland Islands (Islas Malvinas)','Atlantic/Stanley',1),(1004,239,'South Georgia and The South Sandwich Islands ','Atlantic/South_Georgia',1),(1005,242,'Central','Pacific/Fiji',5),(1006,242,'Eastern','Pacific/Fiji',4),(1007,242,'Northern','Pacific/Fiji',3),(1008,242,'Rotuma','Pacific/Fiji',2),(1009,242,'Western','Pacific/Fiji',1),(1010,246,'Åland','Europe/Helsinki',15),(1011,246,'Hame','Europe/Helsinki',14),(1012,246,'Keski-Suomi','Europe/Helsinki',13),(1013,246,'Kuopio','Europe/Helsinki',12),(1014,246,'Kymi','Europe/Helsinki',11),(1015,246,'Lapponia','Europe/Helsinki',10),(1016,246,'Mikkeli','Europe/Helsinki',9),(1017,246,'Oulu','Europe/Helsinki',8),(1018,246,'Pohjois-Karjala','Europe/Helsinki',7),(1019,246,'Turku ja Pori','Europe/Helsinki',6),(1020,246,'Uusimaa','Europe/Helsinki',5),(1021,246,'Vaasa','Europe/Helsinki',4),(1022,246,'Southern Finland','Europe/Helsinki',3),(1023,246,'Eastern Finland','Europe/Helsinki',2),(1024,246,'Western Finland','Europe/Helsinki',1),(1025,250,'Aquitaine','Europe/Paris',22),(1026,250,'Auvergne','Europe/Paris',21),(1027,250,'Basse-Normandie','Europe/Paris',20),(1028,250,'Bourgogne','Europe/Paris',19),(1029,250,'Brittany','Europe/Paris',18),(1030,250,'Centre','Europe/Paris',17),(1031,250,'Champagne-Ardenne','Europe/Paris',16),(1032,250,'Corsica','Europe/Paris',15),(1033,250,'Franche-Comté','Europe/Paris',14),(1034,250,'Haute-Normandie','Europe/Paris',13),(1035,250,'Île-de-France','Europe/Paris',12),(1036,250,'Languedoc-Roussillon','Europe/Paris',11),(1037,250,'Limousin','Europe/Paris',10),(1038,250,'Lorraine','Europe/Paris',9),(1039,250,'Midi-Pyrénées','Europe/Paris',8),(1040,250,'Nord-Pas-de-Calais','Europe/Paris',7),(1041,250,'Pays de la Loire','Europe/Paris',6),(1042,250,'Picardie','Europe/Paris',5),(1043,250,'Poitou-Charentes','Europe/Paris',4),(1044,250,'Provence-Alpes-Côte dʼAzur','Europe/Paris',3),(1045,250,'Rhône-Alpes','Europe/Paris',2),(1046,250,'Alsace','Europe/Paris',1),(1047,254,'Guyane','America/Guyana',1),(1048,260,'Saint-Paul-et-Amsterdam','Indian/Kerguelen',5),(1049,260,'Crozet','Indian/Kerguelen',4),(1050,260,'Kerguelen','Indian/Kerguelen',3),(1051,260,'Terre Adélie','Indian/Kerguelen',2),(1052,260,'Îles Éparses','Indian/Kerguelen',1),(1053,262,'Ali Sabieh','Africa/Djibouti',8),(1054,262,'Dikhil   ','Africa/Djibouti',7),(1055,262,'Djibouti  ','Africa/Djibouti',6),(1056,262,'Obock','Africa/Djibouti',5),(1057,262,'Tadjourah','Africa/Djibouti',4),(1058,262,'Dikhil','Africa/Djibouti',3),(1059,262,'Djibouti','Africa/Djibouti',2),(1060,262,'Arta','Africa/Djibouti',1),(1061,266,'Estuaire','Africa/Libreville',9),(1062,266,'Haut-Ogooué','Africa/Libreville',8),(1063,266,'Moyen-Ogooué','Africa/Libreville',7),(1064,266,'Ngounié','Africa/Libreville',6),(1065,266,'Nyanga','Africa/Libreville',5),(1066,266,'Ogooué-Ivindo','Africa/Libreville',4),(1067,266,'Ogooué-Lolo','Africa/Libreville',3),(1068,266,'Ogooué-Maritime','Africa/Libreville',2),(1069,266,'Woleu-Ntem','Africa/Libreville',1),(1070,268,'Ajaria','Asia/Tbilisi',12),(1071,268,'Tʼbilisi','Asia/Tbilisi',11),(1072,268,'Abkhazia','Asia/Tbilisi',10),(1073,268,'Kvemo Kartli','Asia/Tbilisi',9),(1074,268,'Kakheti','Asia/Tbilisi',8),(1075,268,'Guria','Asia/Tbilisi',7),(1076,268,'Imereti','Asia/Tbilisi',6),(1077,268,'Shida Kartli','Asia/Tbilisi',5),(1078,268,'Mtskheta-Mtianeti','Asia/Tbilisi',4),(1079,268,'Racha-Lechkhumi and Kvemo Svaneti','Asia/Tbilisi',3),(1080,268,'Samegrelo and Zemo Svaneti','Asia/Tbilisi',2),(1081,268,'Samtskhe-Javakheti','Asia/Tbilisi',1),(1082,270,'Banjul','Africa/Banjul',6),(1083,270,'Lower River','Africa/Banjul',5),(1084,270,'Central River','Africa/Banjul',4),(1085,270,'Upper River','Africa/Banjul',3),(1086,270,'Western','Africa/Banjul',2),(1087,270,'North Bank','Africa/Banjul',1),(1088,275,'Gaza Strip','Asia/Gaza',2),(1089,275,'West Bank','Asia/Gaza',1),(1090,276,'Baden-Württemberg','Europe/Berlin',16),(1091,276,'Bavaria','Europe/Berlin',15),(1092,276,'Bremen','Europe/Berlin',14),(1093,276,'Hamburg','Europe/Berlin',13),(1094,276,'Hesse','Europe/Berlin',12),(1095,276,'Lower Saxony','Europe/Berlin',11),(1096,276,'North Rhine-Westphalia','Europe/Berlin',10),(1097,276,'Rhineland-Palatinate','Europe/Berlin',9),(1098,276,'Saarland','Europe/Berlin',8),(1099,276,'Schleswig-Holstein','Europe/Berlin',7),(1100,276,'Brandenburg','Europe/Berlin',6),(1101,276,'Mecklenburg-Vorpommern','Europe/Berlin',5),(1102,276,'Saxony','Europe/Berlin',4),(1103,276,'Saxony-Anhalt','Europe/Berlin',3),(1104,276,'Thuringia','Europe/Berlin',2),(1105,276,'Berlin','Europe/Berlin',1),(1106,288,'Greater Accra','Africa/Accra',10),(1107,288,'Ashanti','Africa/Accra',9),(1108,288,'Brong-Ahafo Region','Africa/Accra',8),(1109,288,'Central','Africa/Accra',7),(1110,288,'Eastern','Africa/Accra',6),(1111,288,'Northern','Africa/Accra',5),(1112,288,'Volta','Africa/Accra',4),(1113,288,'Western','Africa/Accra',3),(1114,288,'Upper East','Africa/Accra',2),(1115,288,'Upper West','Africa/Accra',1),(1116,292,'Gibraltar','Europe/Gibraltar',1),(1117,296,'Line Islands','Pacific/Kiritimati',3),(1118,296,'Gilbert Islands','Pacific/Tarawa',2),(1119,296,'Phoenix Islands','Pacific/Enderbury',1),(1120,300,'Mount Athos','Europe/Athens',14),(1121,300,'East Macedonia and Thrace','Europe/Athens',13),(1122,300,'Central Macedonia','Europe/Athens',12),(1123,300,'West Macedonia','Europe/Athens',11),(1124,300,'Thessaly','Europe/Athens',10),(1125,300,'Epirus','Europe/Athens',9),(1126,300,'Ionian Islands','Europe/Athens',8),(1127,300,'West Greece','Europe/Athens',7),(1128,300,'Central Greece','Europe/Athens',6),(1129,300,'Peloponnese','Europe/Athens',5),(1130,300,'Attica','Europe/Athens',4),(1131,300,'North Aegean','Europe/Athens',3),(1132,300,'South Aegean','Europe/Athens',2),(1133,300,'Crete','Europe/Athens',1),(1134,304,'Nordgrønland','America/Godthab',3),(1135,304,'Østgrønland','America/Godthab',2),(1136,304,'Vestgrønland','America/Godthab',1),(1137,308,'Saint Andrew','America/Grenada',6),(1138,308,'Saint David','America/Grenada',5),(1139,308,'Saint George','America/Grenada',4),(1140,308,'Saint John','America/Grenada',3),(1141,308,'Saint Mark','America/Grenada',2),(1142,308,'Saint Patrick','America/Grenada',1),(1143,312,'Guadeloupe','America/Guadeloupe',1),(1144,316,'Guam','Pacific/Guam',1),(1145,320,'Alta Verapaz','America/Guatemala',22),(1146,320,'Baja Verapaz','America/Guatemala',21),(1147,320,'Chimaltenango','America/Guatemala',20),(1148,320,'Chiquimula','America/Guatemala',19),(1149,320,'El Progreso','America/Guatemala',18),(1150,320,'Escuintla','America/Guatemala',17),(1151,320,'Guatemala','America/Guatemala',16),(1152,320,'Huehuetenango','America/Guatemala',15),(1153,320,'Izabal','America/Guatemala',14),(1154,320,'Jalapa','America/Guatemala',13),(1155,320,'Jutiapa','America/Guatemala',12),(1156,320,'Petén','America/Guatemala',11),(1157,320,'Quetzaltenango','America/Guatemala',10),(1158,320,'Quiché','America/Guatemala',9),(1159,320,'Retalhuleu','America/Guatemala',8),(1160,320,'Sacatepéquez','America/Guatemala',7),(1161,320,'San Marcos','America/Guatemala',6),(1162,320,'Santa Rosa','America/Guatemala',5),(1163,320,'Sololá','America/Guatemala',4),(1164,320,'Suchitepéquez','America/Guatemala',3),(1165,320,'Totonicapán','America/Guatemala',2),(1166,320,'Zacapa','America/Guatemala',1),(1167,324,'Beyla','Africa/Conakry',36),(1168,324,'Boffa','Africa/Conakry',35),(1169,324,'Boké','Africa/Conakry',34),(1170,324,'Conakry','Africa/Conakry',33),(1171,324,'Dabola','Africa/Conakry',32),(1172,324,'Dalaba','Africa/Conakry',31),(1173,324,'Dinguiraye','Africa/Conakry',30),(1174,324,'Faranah','Africa/Conakry',29),(1175,324,'Forécariah','Africa/Conakry',28),(1176,324,'Fria','Africa/Conakry',27),(1177,324,'Gaoual','Africa/Conakry',26),(1178,324,'Guéckédou','Africa/Conakry',25),(1179,324,'Kankan','Africa/Conakry',24),(1180,324,'Kérouané','Africa/Conakry',23),(1181,324,'Kindia','Africa/Conakry',22),(1182,324,'Kissidougou','Africa/Conakry',21),(1183,324,'Koundara','Africa/Conakry',20),(1184,324,'Kouroussa','Africa/Conakry',19),(1185,324,'Macenta','Africa/Conakry',18),(1186,324,'Mali','Africa/Conakry',17),(1187,324,'Mamou','Africa/Conakry',16),(1188,324,'Pita','Africa/Conakry',15),(1189,324,'Siguiri','Africa/Conakry',14),(1190,324,'Télimélé','Africa/Conakry',13),(1191,324,'Tougué','Africa/Conakry',12),(1192,324,'Yomou','Africa/Conakry',11),(1193,324,'Coyah','Africa/Conakry',10),(1194,324,'Dubréka','Africa/Conakry',9),(1195,324,'Kankan','Africa/Conakry',8),(1196,324,'Koubia','Africa/Conakry',7),(1197,324,'Labé','Africa/Conakry',6),(1198,324,'Lélouma','Africa/Conakry',5),(1199,324,'Lola','Africa/Conakry',4),(1200,324,'Mandiana','Africa/Conakry',3),(1201,324,'Nzérékoré','Africa/Conakry',2),(1202,324,'Siguiri','Africa/Conakry',1),(1203,328,'Barima-Waini','America/Guyana',10),(1204,328,'Cuyuni-Mazaruni','America/Guyana',9),(1205,328,'Demerara-Mahaica','America/Guyana',8),(1206,328,'East Berbice-Corentyne','America/Guyana',7),(1207,328,'Essequibo Islands-West Demerara','America/Guyana',6),(1208,328,'Mahaica-Berbice','America/Guyana',5),(1209,328,'Pomeroon-Supenaam','America/Guyana',4),(1210,328,'Potaro-Siparuni','America/Guyana',3),(1211,328,'Upper Demerara-Berbice','America/Guyana',2),(1212,328,'Upper Takutu-Upper Essequibo','America/Guyana',1),(1213,332,'Nord-Ouest','America/Port-au-Prince',10),(1214,332,'Artibonite','America/Port-au-Prince',9),(1215,332,'Centre','America/Port-au-Prince',8),(1216,332,'Nord','America/Port-au-Prince',7),(1217,332,'Nord-Est','America/Port-au-Prince',6),(1218,332,'Ouest','America/Port-au-Prince',5),(1219,332,'Sud','America/Port-au-Prince',4),(1220,332,'Sud-Est','America/Port-au-Prince',3),(1221,332,'GrandʼAnse','America/Port-au-Prince',2),(1222,332,'Nippes','America/Port-au-Prince',1),(1223,336,'Vatican City','Europe/Vatican',1),(1224,340,'Atlántida','America/Tegucigalpa',18),(1225,340,'Choluteca','America/Tegucigalpa',17),(1226,340,'Colón','America/Tegucigalpa',16),(1227,340,'Comayagua','America/Tegucigalpa',15),(1228,340,'Copán','America/Tegucigalpa',14),(1229,340,'Cortés','America/Tegucigalpa',13),(1230,340,'El Paraíso','America/Tegucigalpa',12),(1231,340,'Francisco Morazán','America/Tegucigalpa',11),(1232,340,'Gracias a Dios','America/Tegucigalpa',10),(1233,340,'Intibucá','America/Tegucigalpa',9),(1234,340,'Islas de la Bahía','America/Tegucigalpa',8),(1235,340,'La Paz','America/Tegucigalpa',7),(1236,340,'Lempira','America/Tegucigalpa',6),(1237,340,'Ocotepeque','America/Tegucigalpa',5),(1238,340,'Olancho','America/Tegucigalpa',4),(1239,340,'Santa Bárbara','America/Tegucigalpa',3),(1240,340,'Valle','America/Tegucigalpa',2),(1241,340,'Yoro','America/Tegucigalpa',1),(1242,344,'Hong Kong','Asia/Hong_Kong',1),(1243,348,'Bács-Kiskun','Europe/Budapest',20),(1244,348,'Baranya','Europe/Budapest',19),(1245,348,'Békés','Europe/Budapest',18),(1246,348,'Borsod-Abaúj-Zemplén','Europe/Budapest',17),(1247,348,'Budapest','Europe/Budapest',16),(1248,348,'Csongrád','Europe/Budapest',15),(1249,348,'Fejér','Europe/Budapest',14),(1250,348,'Győr-Moson-Sopron','Europe/Budapest',13),(1251,348,'Hajdú-Bihar','Europe/Budapest',12),(1252,348,'Heves','Europe/Budapest',11),(1253,348,'Komárom-Esztergom','Europe/Budapest',10),(1254,348,'Nógrád','Europe/Budapest',9),(1255,348,'Pest','Europe/Budapest',8),(1256,348,'Somogy','Europe/Budapest',7),(1257,348,'Szabolcs-Szatmár-Bereg','Europe/Budapest',6),(1258,348,'Jász-Nagykun-Szolnok','Europe/Budapest',5),(1259,348,'Tolna','Europe/Budapest',4),(1260,348,'Vas','Europe/Budapest',3),(1261,348,'Veszprém','Europe/Budapest',2),(1262,348,'Zala','Europe/Budapest',1),(1263,352,'Borgarfjardarsysla','Atlantic/Reykjavik',39),(1264,352,'Dalasysla','Atlantic/Reykjavik',38),(1265,352,'Eyjafjardarsysla','Atlantic/Reykjavik',37),(1266,352,'Gullbringusysla','Atlantic/Reykjavik',36),(1267,352,'Hafnarfjördur','Atlantic/Reykjavik',35),(1268,352,'Husavik','Atlantic/Reykjavik',34),(1269,352,'Isafjördur','Atlantic/Reykjavik',33),(1270,352,'Keflavik','Atlantic/Reykjavik',32),(1271,352,'Kjosarsysla','Atlantic/Reykjavik',31),(1272,352,'Kopavogur','Atlantic/Reykjavik',30),(1273,352,'Myrasysla','Atlantic/Reykjavik',29),(1274,352,'Neskaupstadur','Atlantic/Reykjavik',28),(1275,352,'Nordur-Isafjardarsysla','Atlantic/Reykjavik',27),(1276,352,'Nordur-Mulasysla','Atlantic/Reykjavik',26),(1277,352,'Nordur-Tingeyjarsysla','Atlantic/Reykjavik',25),(1278,352,'Olafsfjördur','Atlantic/Reykjavik',24),(1279,352,'Rangarvallasysla','Atlantic/Reykjavik',23),(1280,352,'Reykjavík','Atlantic/Reykjavik',22),(1281,352,'Saudarkrokur','Atlantic/Reykjavik',21),(1282,352,'Seydisfjordur','Atlantic/Reykjavik',20),(1283,352,'Siglufjordur','Atlantic/Reykjavik',19),(1284,352,'Skagafjardarsysla','Atlantic/Reykjavik',18),(1285,352,'Snafellsnes- og Hnappadalssysla','Atlantic/Reykjavik',17),(1286,352,'Strandasysla','Atlantic/Reykjavik',16),(1287,352,'Sudur-Mulasysla','Atlantic/Reykjavik',15),(1288,352,'Sudur-Tingeyjarsysla','Atlantic/Reykjavik',14),(1289,352,'Vestmannaeyjar','Atlantic/Reykjavik',13),(1290,352,'Vestur-Bardastrandarsysla','Atlantic/Reykjavik',12),(1291,352,'Vestur-Hunavatnssysla','Atlantic/Reykjavik',11),(1292,352,'Vestur-Isafjardarsysla','Atlantic/Reykjavik',10),(1293,352,'Vestur-Skaftafellssysla','Atlantic/Reykjavik',9),(1294,352,'East','Atlantic/Reykjavik',8),(1295,352,'Capital Region','Atlantic/Reykjavik',7),(1296,352,'Northeast','Atlantic/Reykjavik',6),(1297,352,'Northwest','Atlantic/Reykjavik',5),(1298,352,'South','Atlantic/Reykjavik',4),(1299,352,'Southern Peninsula','Atlantic/Reykjavik',3),(1300,352,'Westfjords','Atlantic/Reykjavik',2),(1301,352,'West','Atlantic/Reykjavik',1),(1302,356,'Andaman and Nicobar Islands','Asia/Kolkata',38),(1303,356,'Andhra Pradesh','Asia/Kolkata',37),(1304,356,'Assam','Asia/Kolkata',36),(1305,356,'Bihar','Asia/Kolkata',35),(1306,356,'Chandīgarh','Asia/Kolkata',34),(1307,356,'Dādra and Nagar Haveli','Asia/Kolkata',33),(1308,356,'NCT','Asia/Kolkata',32),(1309,356,'Gujarāt','Asia/Kolkata',31),(1310,356,'Haryana','Asia/Kolkata',30),(1311,356,'Himāchal Pradesh','Asia/Kolkata',29),(1312,356,'Kashmir','Asia/Kolkata',28),(1313,356,'Kerala','Asia/Kolkata',27),(1314,356,'Laccadives','Asia/Kolkata',26),(1315,356,'Madhya Pradesh ','Asia/Kolkata',25),(1316,356,'Mahārāshtra','Asia/Kolkata',24),(1317,356,'Manipur','Asia/Kolkata',23),(1318,356,'Meghālaya','Asia/Kolkata',22),(1319,356,'Karnātaka','Asia/Kolkata',21),(1320,356,'Nāgāland','Asia/Kolkata',20),(1321,356,'Orissa','Asia/Kolkata',19),(1322,356,'Pondicherry','Asia/Kolkata',18),(1323,356,'Punjab','Asia/Kolkata',17),(1324,356,'State of Rājasthān','Asia/Kolkata',16),(1325,356,'Tamil Nādu','Asia/Kolkata',15),(1326,356,'Tripura','Asia/Kolkata',14),(1327,356,'Uttar Pradesh','Asia/Kolkata',13),(1328,356,'Bengal','Asia/Kolkata',12),(1329,356,'Sikkim','Asia/Kolkata',11),(1330,356,'Arunāchal Pradesh','Asia/Kolkata',10),(1331,356,'Mizoram','Asia/Kolkata',9),(1332,356,'Daman and Diu','Asia/Kolkata',8),(1333,356,'Goa','Asia/Kolkata',7),(1334,356,'Bihār','Asia/Kolkata',6),(1335,356,'Madhya Pradesh','Asia/Kolkata',5),(1336,356,'Uttar Pradesh','Asia/Kolkata',4),(1337,356,'Chhattisgarh','Asia/Kolkata',3),(1338,356,'Jharkhand','Asia/Kolkata',2),(1339,356,'Uttarakhand','Asia/Kolkata',1),(1340,360,'Aceh','Asia/Jakarta',37),(1341,360,'Bali','Asia/Ujung_Pandang',36),(1342,360,'Bengkulu','Asia/Jakarta',35),(1343,360,'Jakarta Raya','Asia/Jakarta',34),(1344,360,'Jambi','Asia/Jakarta',33),(1345,360,'Jawa Barat','Asia/Jakarta',32),(1346,360,'Central Java','Asia/Jakarta',31),(1347,360,'East Java','Asia/Jakarta',30),(1348,360,'Yogyakarta ','Asia/Jakarta',29),(1349,360,'West Kalimantan','Asia/Jakarta',28),(1350,360,'South Kalimantan','Asia/Ujung_Pandang',27),(1351,360,'Kalimantan Tengah','Asia/Jakarta',26),(1352,360,'East Kalimantan','Asia/Ujung_Pandang',25),(1353,360,'Lampung','Asia/Jakarta',24),(1354,360,'Nusa Tenggara Barat','Asia/Ujung_Pandang',23),(1355,360,'East Nusa Tenggara','Asia/Ujung_Pandang',22),(1356,360,'Central Sulawesi','Asia/Ujung_Pandang',21),(1357,360,'Sulawesi Tenggara','Asia/Ujung_Pandang',20),(1358,360,'Sulawesi Utara','Asia/Ujung_Pandang',19),(1359,360,'West Sumatra','Asia/Jakarta',18),(1360,360,'Sumatera Selatan','Asia/Jakarta',17),(1361,360,'North Sumatra','Asia/Jakarta',16),(1362,360,'Timor Timur','Asia/Ujung_Pandang',15),(1363,360,'Maluku ','Asia/Jayapura',14),(1364,360,'Maluku Utara','Asia/Jayapura',13),(1365,360,'West Java','Asia/Jakarta',12),(1366,360,'North Sulawesi','Asia/Ujung_Pandang',11),(1367,360,'South Sumatra','Asia/Jakarta',10),(1368,360,'Banten','Asia/Jakarta',9),(1369,360,'Gorontalo','Asia/Ujung_Pandang',8),(1370,360,'Bangka-Belitung','Asia/Jakarta',7),(1371,360,'Papua','Asia/Jayapura',6),(1372,360,'Riau','Asia/Jakarta',5),(1373,360,'South Sulawesi','Asia/Ujung_Pandang',4),(1374,360,'Irian Jaya Barat','Asia/Jayapura',3),(1375,360,'Riau Islands','Asia/Jakarta',2),(1376,360,'Sulawesi Barat','Asia/Ujung_Pandang',1),(1377,364,'Āz̄ārbāyjān-e Gharbī','Asia/Tehran',38),(1378,364,'Chahār Maḩāll va Bakhtīārī','Asia/Tehran',37),(1379,364,'Sīstān va Balūchestān','Asia/Tehran',36),(1380,364,'Kohgīlūyeh va Būyer Aḩmad','Asia/Tehran',35),(1381,364,'Fārs Province','Asia/Tehran',34),(1382,364,'Gīlān','Asia/Tehran',33),(1383,364,'Hamadān','Asia/Tehran',32),(1384,364,'Īlām','Asia/Tehran',31),(1385,364,'Hormozgān Province','Asia/Tehran',30),(1386,364,'Kerman','Asia/Tehran',29),(1387,364,'Kermānshāh','Asia/Tehran',28),(1388,364,'Khūzestān','Asia/Tehran',27),(1389,364,'Kordestān','Asia/Tehran',26),(1390,364,'Mazandaran','Asia/Tehran',25),(1391,364,'Markazi','Asia/Tehran',24),(1392,364,'Zanjan','Asia/Tehran',23),(1393,364,'Bushehr Province','Asia/Tehran',22),(1394,364,'Lorestān','Asia/Tehran',21),(1395,364,'Markazi','Asia/Tehran',20),(1396,364,'Semnān Province','Asia/Tehran',19),(1397,364,'Tehrān','Asia/Tehran',18),(1398,364,'Zanjan','Asia/Tehran',17),(1399,364,'Eşfahān','Asia/Tehran',16),(1400,364,'Kermān','Asia/Tehran',15),(1401,364,'Ostan-e Khorasan-e Razavi','Asia/Tehran',14),(1402,364,'Yazd','Asia/Tehran',13),(1403,364,'Ardabīl','Asia/Tehran',12),(1404,364,'Āz̄ārbāyjān-e Sharqī','Asia/Tehran',11),(1405,364,'Markazi Province','Asia/Tehran',10),(1406,364,'Māzandarān Province','Asia/Tehran',9),(1407,364,'Zanjan Province','Asia/Tehran',8),(1408,364,'Golestān','Asia/Tehran',7),(1409,364,'Qazvīn','Asia/Tehran',6),(1410,364,'Qom','Asia/Tehran',5),(1411,364,'Yazd','Asia/Tehran',4),(1412,364,'Khorāsān-e Jonūbī','Asia/Tehran',3),(1413,364,'Razavi Khorasan Province','Asia/Tehran',2),(1414,364,'Khorāsān-e Shomālī','Asia/Tehran',1),(1415,368,'Anbar','Asia/Baghdad',18),(1416,368,'Al Başrah','Asia/Baghdad',17),(1417,368,'Al Muthanná','Asia/Baghdad',16),(1418,368,'Al Qādisīyah','Asia/Baghdad',15),(1419,368,'As Sulaymānīyah','Asia/Baghdad',14),(1420,368,'Bābil','Asia/Baghdad',13),(1421,368,'Baghdād','Asia/Baghdad',12),(1422,368,'Dahūk','Asia/Baghdad',11),(1423,368,'Dhi Qar','Asia/Baghdad',10),(1424,368,'Diyala','Asia/Baghdad',9),(1425,368,'Arbīl','Asia/Baghdad',8),(1426,368,'Karbalāʼ','Asia/Baghdad',7),(1427,368,'At Taʼmīm','Asia/Baghdad',6),(1428,368,'Maysan','Asia/Baghdad',5),(1429,368,'Nīnawá','Asia/Baghdad',4),(1430,368,'Wāsiţ','Asia/Baghdad',3),(1431,368,'An Najaf','Asia/Baghdad',2),(1432,368,'Şalāḩ ad Dīn','Asia/Baghdad',1),(1433,372,'Carlow','Europe/Dublin',29),(1434,372,'Cavan','Europe/Dublin',28),(1435,372,'County Clare','Europe/Dublin',27),(1436,372,'Cork','Europe/Dublin',26),(1437,372,'Donegal','Europe/Dublin',25),(1438,372,'Galway','Europe/Dublin',24),(1439,372,'County Kerry','Europe/Dublin',23),(1440,372,'County Kildare','Europe/Dublin',22),(1441,372,'County Kilkenny','Europe/Dublin',21),(1442,372,'Leitrim','Europe/Dublin',20),(1443,372,'Laois','Europe/Dublin',19),(1444,372,'Limerick','Europe/Dublin',18),(1445,372,'County Longford','Europe/Dublin',17),(1446,372,'County Louth','Europe/Dublin',16),(1447,372,'County Mayo','Europe/Dublin',15),(1448,372,'County Meath','Europe/Dublin',14),(1449,372,'Monaghan','Europe/Dublin',13),(1450,372,'County Offaly','Europe/Dublin',12),(1451,372,'County Roscommon','Europe/Dublin',11),(1452,372,'County Sligo','Europe/Dublin',10),(1453,372,'County Waterford','Europe/Dublin',9),(1454,372,'County Westmeath','Europe/Dublin',8),(1455,372,'County Wexford','Europe/Dublin',7),(1456,372,'County Wicklow','Europe/Dublin',6),(1457,372,'Dún Laoghaire-Rathdown','Europe/Dublin',5),(1458,372,'Fingal County','Europe/Dublin',4),(1459,372,'Tipperary North Riding','Europe/Dublin',3),(1460,372,'South Dublin','Europe/Dublin',2),(1461,372,'Tipperary South Riding','Europe/Dublin',1),(1462,376,'HaDarom','Asia/Jerusalem',6),(1463,376,'HaMerkaz','Asia/Jerusalem',5),(1464,376,'Northern District','Asia/Jerusalem',4),(1465,376,'H̱efa','Asia/Jerusalem',3),(1466,376,'Tel Aviv','Asia/Jerusalem',2),(1467,376,'Yerushalayim','Asia/Jerusalem',1),(1468,380,'Abruzzo','Europe/Rome',20),(1469,380,'Basilicate','Europe/Rome',19),(1470,380,'Calabria','Europe/Rome',18),(1471,380,'Campania','Europe/Rome',17),(1472,380,'Emilia-Romagna','Europe/Rome',16),(1473,380,'Friuli','Europe/Rome',15),(1474,380,'Lazio','Europe/Rome',14),(1475,380,'Liguria','Europe/Rome',13),(1476,380,'Lombardy','Europe/Rome',12),(1477,380,'The Marches','Europe/Rome',11),(1478,380,'Molise','Europe/Rome',10),(1479,380,'Piedmont','Europe/Rome',9),(1480,380,'Apulia','Europe/Rome',8),(1481,380,'Sardinia','Europe/Rome',7),(1482,380,'Sicily','Europe/Rome',6),(1483,380,'Tuscany','Europe/Rome',5),(1484,380,'Trentino-Alto Adige','Europe/Rome',4),(1485,380,'Umbria','Europe/Rome',3),(1486,380,'Aosta Valley','Europe/Rome',2),(1487,380,'Veneto','Europe/Rome',1),(1488,384,'Valparaíso Region','Africa/Abidjan',77),(1489,384,'Antofagasta Region','Africa/Abidjan',76),(1490,384,'Araucanía Region','Africa/Abidjan',75),(1491,384,'Atacama Region','Africa/Abidjan',74),(1492,384,'Biobío Region','Africa/Abidjan',73),(1493,384,'Coquimbo Region','Africa/Abidjan',72),(1494,384,'Maule Region','Africa/Abidjan',71),(1495,384,'Santiago Metropolitan Region','Africa/Abidjan',70),(1496,384,'Danane','Africa/Abidjan',69),(1497,384,'Divo','Africa/Abidjan',68),(1498,384,'Ferkessedougou','Africa/Abidjan',67),(1499,384,'Gagnoa','Africa/Abidjan',66),(1500,384,'Katiola','Africa/Abidjan',65),(1501,384,'Korhogo','Africa/Abidjan',64),(1502,384,'Odienne','Africa/Abidjan',63),(1503,384,'Seguela','Africa/Abidjan',62),(1504,384,'Touba','Africa/Abidjan',61),(1505,384,'Bongouanou','Africa/Abidjan',60),(1506,384,'Issia','Africa/Abidjan',59),(1507,384,'Lakota','Africa/Abidjan',58),(1508,384,'Mankono','Africa/Abidjan',57),(1509,384,'Oume','Africa/Abidjan',56),(1510,384,'Soubre','Africa/Abidjan',55),(1511,384,'Tingrela','Africa/Abidjan',54),(1512,384,'Zuenoula','Africa/Abidjan',53),(1513,384,'Bangolo','Africa/Abidjan',52),(1514,384,'Beoumi','Africa/Abidjan',51),(1515,384,'Bondoukou','Africa/Abidjan',50),(1516,384,'Bouafle','Africa/Abidjan',49),(1517,384,'Bouake','Africa/Abidjan',48),(1518,384,'Daloa','Africa/Abidjan',47),(1519,384,'Daoukro','Africa/Abidjan',46),(1520,384,'Duekoue','Africa/Abidjan',45),(1521,384,'Grand-Lahou','Africa/Abidjan',44),(1522,384,'Man','Africa/Abidjan',43),(1523,384,'Mbahiakro','Africa/Abidjan',42),(1524,384,'Sakassou','Africa/Abidjan',41),(1525,384,'San Pedro','Africa/Abidjan',40),(1526,384,'Sassandra','Africa/Abidjan',39),(1527,384,'Sinfra','Africa/Abidjan',38),(1528,384,'Tabou','Africa/Abidjan',37),(1529,384,'Tanda','Africa/Abidjan',36),(1530,384,'Tiassale','Africa/Abidjan',35),(1531,384,'Toumodi','Africa/Abidjan',34),(1532,384,'Vavoua','Africa/Abidjan',33),(1533,384,'Abidjan','Africa/Abidjan',32),(1534,384,'Aboisso','Africa/Abidjan',31),(1535,384,'Adiake','Africa/Abidjan',30),(1536,384,'Alepe','Africa/Abidjan',29),(1537,384,'Bocanda','Africa/Abidjan',28),(1538,384,'Dabou','Africa/Abidjan',27),(1539,384,'Dimbokro','Africa/Abidjan',26),(1540,384,'Grand-Bassam','Africa/Abidjan',25),(1541,384,'Guiglo','Africa/Abidjan',24),(1542,384,'Jacqueville','Africa/Abidjan',23),(1543,384,'Tiebissou','Africa/Abidjan',22),(1544,384,'Toulepleu','Africa/Abidjan',21),(1545,384,'Yamoussoukro','Africa/Abidjan',20),(1546,384,'Agnéby','Africa/Abidjan',19),(1547,384,'Bafing','Africa/Abidjan',18),(1548,384,'Bas-Sassandra','Africa/Abidjan',17),(1549,384,'Denguélé','Africa/Abidjan',16),(1550,384,'Dix-Huit Montagnes','Africa/Abidjan',15),(1551,384,'Fromager','Africa/Abidjan',14),(1552,384,'Haut-Sassandra','Africa/Abidjan',13),(1553,384,'Lacs','Africa/Abidjan',12),(1554,384,'Lagunes','Africa/Abidjan',11),(1555,384,'Marahoué','Africa/Abidjan',10),(1556,384,'Moyen-Cavally','Africa/Abidjan',9),(1557,384,'Moyen-Comoé','Africa/Abidjan',8),(1558,384,'Nʼzi-Comoé','Africa/Abidjan',7),(1559,384,'Savanes','Africa/Abidjan',6),(1560,384,'Sud-Bandama','Africa/Abidjan',5),(1561,384,'Sud-Comoé','Africa/Abidjan',4),(1562,384,'Vallée du Bandama','Africa/Abidjan',3),(1563,384,'Worodougou','Africa/Abidjan',2),(1564,384,'Zanzan','Africa/Abidjan',1),(1565,388,'Clarendon','America/Jamaica',14),(1566,388,'Hanover Parish','America/Jamaica',13),(1567,388,'Manchester','America/Jamaica',12),(1568,388,'Portland','America/Jamaica',11),(1569,388,'Saint Andrew','America/Jamaica',10),(1570,388,'Saint Ann','America/Jamaica',9),(1571,388,'Saint Catherine','America/Jamaica',8),(1572,388,'St. Elizabeth','America/Jamaica',7),(1573,388,'Saint James','America/Jamaica',6),(1574,388,'Saint Mary','America/Jamaica',5),(1575,388,'Saint Thomas','America/Jamaica',4),(1576,388,'Trelawny','America/Jamaica',3),(1577,388,'Westmoreland','America/Jamaica',2),(1578,388,'Kingston','America/Jamaica',1),(1579,392,'Aichi','Asia/Tokyo',47),(1580,392,'Akita','Asia/Tokyo',46),(1581,392,'Aomori','Asia/Tokyo',45),(1582,392,'Chiba','Asia/Tokyo',44),(1583,392,'Ehime','Asia/Tokyo',43),(1584,392,'Fukui','Asia/Tokyo',42),(1585,392,'Fukuoka','Asia/Tokyo',41),(1586,392,'Fukushima','Asia/Tokyo',40),(1587,392,'Gifu','Asia/Tokyo',39),(1588,392,'Gumma','Asia/Tokyo',38),(1589,392,'Hiroshima','Asia/Tokyo',37),(1590,392,'Hokkaidō','Asia/Tokyo',36),(1591,392,'Hyōgo','Asia/Tokyo',35),(1592,392,'Ibaraki','Asia/Tokyo',34),(1593,392,'Ishikawa','Asia/Tokyo',33),(1594,392,'Iwate','Asia/Tokyo',32),(1595,392,'Kagawa','Asia/Tokyo',31),(1596,392,'Kagoshima','Asia/Tokyo',30),(1597,392,'Kanagawa','Asia/Tokyo',29),(1598,392,'Kōchi','Asia/Tokyo',28),(1599,392,'Kumamoto','Asia/Tokyo',27),(1600,392,'Kyōto','Asia/Tokyo',26),(1601,392,'Mie','Asia/Tokyo',25),(1602,392,'Miyagi','Asia/Tokyo',24),(1603,392,'Miyazaki','Asia/Tokyo',23),(1604,392,'Nagano','Asia/Tokyo',22),(1605,392,'Nagasaki','Asia/Tokyo',21),(1606,392,'Nara','Asia/Tokyo',20),(1607,392,'Niigata','Asia/Tokyo',19),(1608,392,'Ōita','Asia/Tokyo',18),(1609,392,'Okayama','Asia/Tokyo',17),(1610,392,'Ōsaka','Asia/Tokyo',16),(1611,392,'Saga','Asia/Tokyo',15),(1612,392,'Saitama','Asia/Tokyo',14),(1613,392,'Shiga','Asia/Tokyo',13),(1614,392,'Shimane','Asia/Tokyo',12),(1615,392,'Shizuoka','Asia/Tokyo',11),(1616,392,'Tochigi','Asia/Tokyo',10),(1617,392,'Tokushima','Asia/Tokyo',9),(1618,392,'Tōkyō','Asia/Tokyo',8),(1619,392,'Tottori','Asia/Tokyo',7),(1620,392,'Toyama','Asia/Tokyo',6),(1621,392,'Wakayama','Asia/Tokyo',5),(1622,392,'Yamagata','Asia/Tokyo',4),(1623,392,'Yamaguchi','Asia/Tokyo',3),(1624,392,'Yamanashi','Asia/Tokyo',2),(1625,392,'Okinawa','Asia/Tokyo',1),(1626,398,'Almaty','Asia/Almaty',17),(1627,398,'Almaty Qalasy','Asia/Almaty',16),(1628,398,'Aqmola','Asia/Almaty',15),(1629,398,'Aqtöbe','Asia/Aqtobe',14),(1630,398,'Astana Qalasy','Asia/Almaty',13),(1631,398,'Atyraū','Asia/Oral',12),(1632,398,'Batys Qazaqstan','Asia/Oral',11),(1633,398,'Bayqongyr Qalasy','Asia/Almaty',10),(1634,398,'Mangghystaū','Asia/Aqtau',9),(1635,398,'Ongtüstik Qazaqstan','Asia/Almaty',8),(1636,398,'Pavlodar','Asia/Almaty',7),(1637,398,'Qaraghandy','Asia/Almaty',6),(1638,398,'Qostanay','Asia/Qyzylorda',5),(1639,398,'Qyzylorda','Asia/Qyzylorda',4),(1640,398,'East Kazakhstan','Asia/Almaty',3),(1641,398,'Soltüstik Qazaqstan','Asia/Almaty',2),(1642,398,'Zhambyl','Asia/Almaty',1),(1643,400,'Balqa','Asia/Amman',16),(1644,400,'Ma’an','Asia/Amman',15),(1645,400,'Karak','Asia/Amman',14),(1646,400,'Al Mafraq','Asia/Amman',13),(1647,400,'Tafielah','Asia/Amman',12),(1648,400,'Az Zarqa','Asia/Amman',11),(1649,400,'Irbid','Asia/Amman',10),(1650,400,'Mafraq','Asia/Amman',9),(1651,400,'Amman','Asia/Amman',8),(1652,400,'Zarqa','Asia/Amman',7),(1653,400,'Irbid','Asia/Amman',6),(1654,400,'Ma’an','Asia/Amman',5),(1655,400,'Ajlun','Asia/Amman',4),(1656,400,'Aqaba','Asia/Amman',3),(1657,400,'Jerash','Asia/Amman',2),(1658,400,'Madaba','Asia/Amman',1),(1659,404,'Central','Africa/Nairobi',8),(1660,404,'Coast','Africa/Nairobi',7),(1661,404,'Eastern','Africa/Nairobi',6),(1662,404,'Nairobi Area','Africa/Nairobi',5),(1663,404,'North-Eastern','Africa/Nairobi',4),(1664,404,'Nyanza','Africa/Nairobi',3),(1665,404,'Rift Valley','Africa/Nairobi',2),(1666,404,'Western','Africa/Nairobi',1),(1667,408,'Chagang-do','Asia/Pyongyang',13),(1668,408,'Hamgyŏng-namdo','Asia/Pyongyang',12),(1669,408,'Hwanghae-namdo','Asia/Pyongyang',11),(1670,408,'Hwanghae-bukto','Asia/Pyongyang',10),(1671,408,'Kaesŏng-si','Asia/Pyongyang',9),(1672,408,'Gangwon','Asia/Pyongyang',8),(1673,408,'Pʼyŏngan-bukto','Asia/Pyongyang',7),(1674,408,'Pʼyŏngyang-si','Asia/Pyongyang',6),(1675,408,'Yanggang-do','Asia/Pyongyang',5),(1676,408,'Nampʼo-si','Asia/Pyongyang',4),(1677,408,'Pʼyŏngan-namdo','Asia/Pyongyang',3),(1678,408,'Hamgyŏng-bukto','Asia/Pyongyang',2),(1679,408,'Najin Sŏnbong-si','Asia/Pyongyang',1),(1680,410,'Jeju','Asia/Seoul',16),(1681,410,'North Jeolla','Asia/Seoul',15),(1682,410,'North Chungcheong','Asia/Seoul',14),(1683,410,'Gangwon','Asia/Seoul',13),(1684,410,'Busan','Asia/Seoul',12),(1685,410,'Seoul','Asia/Seoul',11),(1686,410,'Incheon','Asia/Seoul',10),(1687,410,'Gyeonggi','Asia/Seoul',9),(1688,410,'North Gyeongsang','Asia/Seoul',8),(1689,410,'Daegu','Asia/Seoul',7),(1690,410,'South Jeolla','Asia/Seoul',6),(1691,410,'South Chungcheong','Asia/Seoul',5),(1692,410,'Gwangju','Asia/Seoul',4),(1693,410,'Daejeon','Asia/Seoul',3),(1694,410,'South Gyeongsang','Asia/Seoul',2),(1695,410,'Ulsan','Asia/Seoul',1),(1696,414,'Muḩāfaz̧atalWafrah','Asia/Kuwait',6),(1697,414,'Al ‘Āşimah','Asia/Kuwait',5),(1698,414,'Al Aḩmadī','Asia/Kuwait',4),(1699,414,'Al Jahrāʼ','Asia/Kuwait',3),(1700,414,'Al Farwaniyah','Asia/Kuwait',2),(1701,414,'Ḩawallī','Asia/Kuwait',1),(1702,417,'Bishkek','Asia/Bishkek',8),(1703,417,'Chüy','Asia/Bishkek',7),(1704,417,'Jalal-Abad','Asia/Bishkek',6),(1705,417,'Naryn','Asia/Bishkek',5),(1706,417,'Talas','Asia/Bishkek',4),(1707,417,'Ysyk-Köl','Asia/Bishkek',3),(1708,417,'Osh','Asia/Bishkek',2),(1709,417,'Batken','Asia/Bishkek',1),(1710,418,'Attapu','Asia/Vientiane',24),(1711,418,'Champasak','Asia/Vientiane',23),(1712,418,'Houaphan','Asia/Vientiane',22),(1713,418,'Khammouan','Asia/Vientiane',21),(1714,418,'Louang Namtha','Asia/Vientiane',20),(1715,418,'Louangphrabang','Asia/Vientiane',19),(1716,418,'Oudômxai','Asia/Vientiane',18),(1717,418,'Phongsali','Asia/Vientiane',17),(1718,418,'Saravan','Asia/Vientiane',16),(1719,418,'Savannakhet','Asia/Vientiane',15),(1720,418,'Vientiane','Asia/Vientiane',14),(1721,418,'Xiagnabouli','Asia/Vientiane',13),(1722,418,'Xiangkhoang','Asia/Vientiane',12),(1723,418,'Khammouan','Asia/Vientiane',11),(1724,418,'Loungnamtha','Asia/Vientiane',10),(1725,418,'Louangphabang','Asia/Vientiane',9),(1726,418,'Phôngsali','Asia/Vientiane',8),(1727,418,'Salavan','Asia/Vientiane',7),(1728,418,'Savannahkhét','Asia/Vientiane',6),(1729,418,'Bokèo','Asia/Vientiane',5),(1730,418,'Bolikhamxai','Asia/Vientiane',4),(1731,418,'Viangchan','Asia/Vientiane',3),(1732,418,'Xékong','Asia/Vientiane',2),(1733,418,'Viangchan','Asia/Vientiane',1),(1734,422,'Béqaa','Asia/Beirut',10),(1735,422,'Liban-Nord','Asia/Beirut',9),(1736,422,'Beyrouth','Asia/Beirut',8),(1737,422,'Mont-Liban','Asia/Beirut',7),(1738,422,'Liban-Sud','Asia/Beirut',6),(1739,422,'Nabatîyé','Asia/Beirut',5),(1740,422,'Béqaa','Asia/Beirut',4),(1741,422,'Liban-Nord','Asia/Beirut',3),(1742,422,'Aakkâr','Asia/Beirut',2),(1743,422,'Baalbek-Hermel','Asia/Beirut',1),(1744,426,'Balzers Commune','Africa/Maseru',16),(1745,426,'Eschen Commune','Africa/Maseru',15),(1746,426,'Gamprin Commune','Africa/Maseru',14),(1747,426,'Mauren Commune','Africa/Maseru',13),(1748,426,'Planken Commune','Africa/Maseru',12),(1749,426,'Ruggell Commune','Africa/Maseru',11),(1750,426,'Berea District','Africa/Maseru',10),(1751,426,'Butha-Buthe District','Africa/Maseru',9),(1752,426,'Leribe District','Africa/Maseru',8),(1753,426,'Mafeteng','Africa/Maseru',7),(1754,426,'Maseru','Africa/Maseru',6),(1755,426,'Mohaleʼs Hoek','Africa/Maseru',5),(1756,426,'Mokhotlong','Africa/Maseru',4),(1757,426,'Qachaʼs Nek','Africa/Maseru',3),(1758,426,'Quthing District','Africa/Maseru',2),(1759,426,'Thaba-Tseka District','Africa/Maseru',1),(1760,428,'Dobeles Rajons','Europe/Riga',34),(1761,428,'Aizkraukles Rajons','Europe/Riga',33),(1762,428,'Alūksnes Rajons','Europe/Riga',32),(1763,428,'Balvu Rajons','Europe/Riga',31),(1764,428,'Bauskas Rajons','Europe/Riga',30),(1765,428,'Cēsu Rajons','Europe/Riga',29),(1766,428,'Daugavpils','Europe/Riga',28),(1767,428,'Daugavpils Rajons','Europe/Riga',27),(1768,428,'Dobeles Rajons','Europe/Riga',26),(1769,428,'Gulbenes Rajons','Europe/Riga',25),(1770,428,'Jēkabpils Rajons','Europe/Riga',24),(1771,428,'Jelgava','Europe/Riga',23),(1772,428,'Jelgavas Rajons','Europe/Riga',22),(1773,428,'Jūrmala','Europe/Riga',21),(1774,428,'Krāslavas Rajons','Europe/Riga',20),(1775,428,'Kuldīgas Rajons','Europe/Riga',19),(1776,428,'Liepāja','Europe/Riga',18),(1777,428,'Liepājas Rajons','Europe/Riga',17),(1778,428,'Limbažu Rajons','Europe/Riga',16),(1779,428,'Ludzas Rajons','Europe/Riga',15),(1780,428,'Madonas Rajons','Europe/Riga',14),(1781,428,'Ogres Rajons','Europe/Riga',13),(1782,428,'Preiļu Rajons','Europe/Riga',12),(1783,428,'Rēzekne','Europe/Riga',11),(1784,428,'Rēzeknes Rajons','Europe/Riga',10),(1785,428,'Rīga','Europe/Riga',9),(1786,428,'Rīgas Rajons','Europe/Riga',8),(1787,428,'Saldus Rajons','Europe/Riga',7),(1788,428,'Talsu Rajons','Europe/Riga',6),(1789,428,'Tukuma Rajons','Europe/Riga',5),(1790,428,'Valkas Rajons','Europe/Riga',4),(1791,428,'Valmieras Rajons','Europe/Riga',3),(1792,428,'Ventspils','Europe/Riga',2),(1793,428,'Ventspils Rajons','Europe/Riga',1),(1794,430,'Bong','Africa/Monrovia',18),(1795,430,'Grand Jide','Africa/Monrovia',17),(1796,430,'Grand Cape Mount','Africa/Monrovia',16),(1797,430,'Lofa','Africa/Monrovia',15),(1798,430,'Nimba','Africa/Monrovia',14),(1799,430,'Sinoe','Africa/Monrovia',13),(1800,430,'Grand Bassa County','Africa/Monrovia',12),(1801,430,'Grand Cape Mount','Africa/Monrovia',11),(1802,430,'Maryland','Africa/Monrovia',10),(1803,430,'Montserrado','Africa/Monrovia',9),(1804,430,'Bomi','Africa/Monrovia',8),(1805,430,'Grand Kru','Africa/Monrovia',7),(1806,430,'Margibi','Africa/Monrovia',6),(1807,430,'River Cess','Africa/Monrovia',5),(1808,430,'Grand Gedeh','Africa/Monrovia',4),(1809,430,'Lofa','Africa/Monrovia',3),(1810,430,'Gbarpolu','Africa/Monrovia',2),(1811,430,'River Gee','Africa/Monrovia',1),(1812,434,'Al Abyār','Africa/Tripoli',50),(1813,434,'Al ‘Azīzīyah','Africa/Tripoli',49),(1814,434,'Al Bayḑā’','Africa/Tripoli',48),(1815,434,'Al Jufrah','Africa/Tripoli',47),(1816,434,'Al Jumayl','Africa/Tripoli',46),(1817,434,'Al Kufrah','Africa/Tripoli',45),(1818,434,'Al Marj','Africa/Tripoli',44),(1819,434,'Al Qarābūll','Africa/Tripoli',43),(1820,434,'Al Qubbah','Africa/Tripoli',42),(1821,434,'Al Ajaylāt','Africa/Tripoli',41),(1822,434,'Ash Shāţiʼ','Africa/Tripoli',40),(1823,434,'Az Zahra’','Africa/Tripoli',39),(1824,434,'Banī Walīd','Africa/Tripoli',38),(1825,434,'Bin Jawwād','Africa/Tripoli',37),(1826,434,'Ghāt','Africa/Tripoli',36),(1827,434,'Jādū','Africa/Tripoli',35),(1828,434,'Jālū','Africa/Tripoli',34),(1829,434,'Janzūr','Africa/Tripoli',33),(1830,434,'Masallatah','Africa/Tripoli',32),(1831,434,'Mizdah','Africa/Tripoli',31),(1832,434,'Murzuq','Africa/Tripoli',30),(1833,434,'Nālūt','Africa/Tripoli',29),(1834,434,'Qamīnis','Africa/Tripoli',28),(1835,434,'Qaşr Bin Ghashīr','Africa/Tripoli',27),(1836,434,'Sabhā','Africa/Tripoli',26),(1837,434,'Şabrātah','Africa/Tripoli',25),(1838,434,'Shaḩḩāt','Africa/Tripoli',24),(1839,434,'Şurmān','Africa/Tripoli',23),(1840,434,'Tajura’ ','Africa/Tripoli',22),(1841,434,'Tarhūnah','Africa/Tripoli',21),(1842,434,'Ţubruq','Africa/Tripoli',20),(1843,434,'Tūkrah','Africa/Tripoli',19),(1844,434,'Zlīţan','Africa/Tripoli',18),(1845,434,'Zuwārah','Africa/Tripoli',17),(1846,434,'Ajdābiyā','Africa/Tripoli',16),(1847,434,'Al Fātiḩ','Africa/Tripoli',15),(1848,434,'Al Jabal al Akhḑar','Africa/Tripoli',14),(1849,434,'Al Khums','Africa/Tripoli',13),(1850,434,'An Nuqāţ al Khams','Africa/Tripoli',12),(1851,434,'Awbārī','Africa/Tripoli',11),(1852,434,'Az Zāwiyah','Africa/Tripoli',10),(1853,434,'Banghāzī','Africa/Tripoli',9),(1854,434,'Darnah','Africa/Tripoli',8),(1855,434,'Ghadāmis','Africa/Tripoli',7),(1856,434,'Gharyān','Africa/Tripoli',6),(1857,434,'Mişrātah','Africa/Tripoli',5),(1858,434,'Sawfajjīn','Africa/Tripoli',4),(1859,434,'Surt','Africa/Tripoli',3),(1860,434,'Ţarābulus','Africa/Tripoli',2),(1861,434,'Yafran','Africa/Tripoli',1),(1862,438,'Balzers','Europe/Vaduz',11),(1863,438,'Eschen','Europe/Vaduz',10),(1864,438,'Gamprin','Europe/Vaduz',9),(1865,438,'Mauren','Europe/Vaduz',8),(1866,438,'Planken','Europe/Vaduz',7),(1867,438,'Ruggell','Europe/Vaduz',6),(1868,438,'Schaan','Europe/Vaduz',5),(1869,438,'Schellenberg','Europe/Vaduz',4),(1870,438,'Triesen','Europe/Vaduz',3),(1871,438,'Triesenberg','Europe/Vaduz',2),(1872,438,'Vaduz','Europe/Vaduz',1),(1873,440,'Alytaus Apskritis','Europe/Vilnius',10),(1874,440,'Kauno Apskritis','Europe/Vilnius',9),(1875,440,'Klaipėdos Apskritis','Europe/Vilnius',8),(1876,440,'Marijampolės Apskritis','Europe/Vilnius',7),(1877,440,'Panevėžio Apskritis','Europe/Vilnius',6),(1878,440,'Šiaulių Apskritis','Europe/Vilnius',5),(1879,440,'Tauragės Apskritis','Europe/Vilnius',4),(1880,440,'Telšių Apskritis','Europe/Vilnius',3),(1881,440,'Utenos Apskritis','Europe/Vilnius',2),(1882,440,'Vilniaus Apskritis','Europe/Vilnius',1),(1883,442,'Diekirch','Europe/Luxembourg',3),(1884,442,'Grevenmacher','Europe/Luxembourg',2),(1885,442,'Luxembourg','Europe/Luxembourg',1),(1886,446,'Ilhas','Asia/Macau',2),(1887,446,'Macau','Asia/Macau',1),(1888,450,'Antsiranana','Indian/Antananarivo',6),(1889,450,'Fianarantsoa','Indian/Antananarivo',5),(1890,450,'Mahajanga','Indian/Antananarivo',4),(1891,450,'Toamasina','Indian/Antananarivo',3),(1892,450,'Antananarivo','Indian/Antananarivo',2),(1893,450,'Toliara','Indian/Antananarivo',1),(1894,454,'Chikwawa','Africa/Blantyre',27),(1895,454,'Chiradzulu','Africa/Blantyre',26),(1896,454,'Chitipa','Africa/Blantyre',25),(1897,454,'Thyolo','Africa/Blantyre',24),(1898,454,'Dedza','Africa/Blantyre',23),(1899,454,'Dowa','Africa/Blantyre',22),(1900,454,'Karonga','Africa/Blantyre',21),(1901,454,'Kasungu','Africa/Blantyre',20),(1902,454,'Lilongwe','Africa/Blantyre',19),(1903,454,'Mangochi','Africa/Blantyre',18),(1904,454,'Mchinji','Africa/Blantyre',17),(1905,454,'Mzimba','Africa/Blantyre',16),(1906,454,'Ntcheu','Africa/Blantyre',15),(1907,454,'Nkhata Bay','Africa/Blantyre',14),(1908,454,'Nkhotakota','Africa/Blantyre',13),(1909,454,'Nsanje','Africa/Blantyre',12),(1910,454,'Ntchisi','Africa/Blantyre',11),(1911,454,'Rumphi','Africa/Blantyre',10),(1912,454,'Salima','Africa/Blantyre',9),(1913,454,'Zomba','Africa/Blantyre',8),(1914,454,'Blantyre','Africa/Blantyre',7),(1915,454,'Mwanza','Africa/Blantyre',6),(1916,454,'Balaka','Africa/Blantyre',5),(1917,454,'Likoma','Africa/Blantyre',4),(1918,454,'Machinga','Africa/Blantyre',3),(1919,454,'Mulanje','Africa/Blantyre',2),(1920,454,'Phalombe','Africa/Blantyre',1),(1921,458,'Johor','Asia/Kuala_Lumpur',16),(1922,458,'Kedah','Asia/Kuala_Lumpur',15),(1923,458,'Kelantan','Asia/Kuala_Lumpur',14),(1924,458,'Melaka','Asia/Kuala_Lumpur',13),(1925,458,'Negeri Sembilan','Asia/Kuala_Lumpur',12),(1926,458,'Pahang','Asia/Kuala_Lumpur',11),(1927,458,'Perak','Asia/Kuala_Lumpur',10),(1928,458,'Perlis','Asia/Kuala_Lumpur',9),(1929,458,'Pulau Pinang','Asia/Kuala_Lumpur',8),(1930,458,'Sarawak','Asia/Kuching',7),(1931,458,'Selangor','Asia/Kuala_Lumpur',6),(1932,458,'Terengganu','Asia/Kuala_Lumpur',5),(1933,458,'Kuala Lumpur','Asia/Kuala_Lumpur',4),(1934,458,'Federal Territory of Labuan','Asia/Kuala_Lumpur',3),(1935,458,'Sabah','Asia/Kuching',2),(1936,458,'Putrajaya','Asia/Kuala_Lumpur',1),(1937,462,'Maale','Indian/Maldives',38),(1938,462,'Seenu','Indian/Maldives',37),(1939,462,'Alifu Atholhu','Indian/Maldives',36),(1940,462,'Lhaviyani Atholhu','Indian/Maldives',35),(1941,462,'Vaavu Atholhu','Indian/Maldives',34),(1942,462,'Laamu','Indian/Maldives',33),(1943,462,'Haa Alifu Atholhu','Indian/Maldives',32),(1944,462,'Thaa Atholhu','Indian/Maldives',31),(1945,462,'Meemu Atholhu','Indian/Maldives',30),(1946,462,'Raa Atholhu','Indian/Maldives',29),(1947,462,'Faafu Atholhu','Indian/Maldives',28),(1948,462,'Dhaalu Atholhu','Indian/Maldives',27),(1949,462,'Baa Atholhu','Indian/Maldives',26),(1950,462,'Haa Dhaalu Atholhu','Indian/Maldives',25),(1951,462,'Shaviyani Atholhu','Indian/Maldives',24),(1952,462,'Noonu Atholhu','Indian/Maldives',23),(1953,462,'Kaafu Atholhu','Indian/Maldives',22),(1954,462,'Gaafu Alifu Atholhu','Indian/Maldives',21),(1955,462,'Gaafu Dhaalu Atholhu','Indian/Maldives',20),(1956,462,'Gnyaviyani Atoll','Indian/Maldives',19),(1957,462,'Alifu','Indian/Maldives',18),(1958,462,'Baa','Indian/Maldives',17),(1959,462,'Dhaalu','Indian/Maldives',16),(1960,462,'Faafu','Indian/Maldives',15),(1961,462,'Gaafu Alifu','Indian/Maldives',14),(1962,462,'Gaafu Dhaalu','Indian/Maldives',13),(1963,462,'Haa Alifu','Indian/Maldives',12),(1964,462,'Haa Dhaalu','Indian/Maldives',11),(1965,462,'Kaafu','Indian/Maldives',10),(1966,462,'Lhaviyani','Indian/Maldives',9),(1967,462,'Maale','Indian/Maldives',8),(1968,462,'Meemu','Indian/Maldives',7),(1969,462,'Gnaviyani','Indian/Maldives',6),(1970,462,'Noonu','Indian/Maldives',5),(1971,462,'Raa','Indian/Maldives',4),(1972,462,'Shaviyani','Indian/Maldives',3),(1973,462,'Thaa','Indian/Maldives',2),(1974,462,'Vaavu','Indian/Maldives',1),(1975,466,'Bamako','Africa/Bamako',10),(1976,466,'Gao','Africa/Bamako',9),(1977,466,'Kayes','Africa/Bamako',8),(1978,466,'Mopti','Africa/Bamako',7),(1979,466,'Ségou','Africa/Bamako',6),(1980,466,'Sikasso','Africa/Bamako',5),(1981,466,'Koulikoro','Africa/Bamako',4),(1982,466,'Tombouctou','Africa/Bamako',3),(1983,466,'Gao','Africa/Bamako',2),(1984,466,'Kidal','Africa/Bamako',1),(1985,470,'Malta','Europe/Malta',1),(1986,474,'Martinique','America/Martinique',1),(1987,478,'Nouakchott','Africa/Nouakchott',13),(1988,478,'Hodh Ech Chargui','Africa/Nouakchott',12),(1989,478,'Hodh El Gharbi','Africa/Nouakchott',11),(1990,478,'Assaba','Africa/Nouakchott',10),(1991,478,'Gorgol','Africa/Nouakchott',9),(1992,478,'Brakna','Africa/Nouakchott',8),(1993,478,'Trarza','Africa/Nouakchott',7),(1994,478,'Adrar','Africa/Nouakchott',6),(1995,478,'Dakhlet Nouadhibou','Africa/Nouakchott',5),(1996,478,'Tagant','Africa/Nouakchott',4),(1997,478,'Guidimaka','Africa/Nouakchott',3),(1998,478,'Tiris Zemmour','Africa/Nouakchott',2),(1999,478,'Inchiri','Africa/Nouakchott',1),(2000,480,'Black River','Indian/Mauritius',12),(2001,480,'Flacq','Indian/Mauritius',11),(2002,480,'Grand Port','Indian/Mauritius',10),(2003,480,'Moka','Indian/Mauritius',9),(2004,480,'Pamplemousses','Indian/Mauritius',8),(2005,480,'Plaines Wilhems','Indian/Mauritius',7),(2006,480,'Port Louis','Indian/Mauritius',6),(2007,480,'Rivière du Rempart','Indian/Mauritius',5),(2008,480,'Savanne','Indian/Mauritius',4),(2009,480,'Agalega Islands','Indian/Mauritius',3),(2010,480,'Cargados Carajos','Indian/Mauritius',2),(2011,480,'Rodrigues','Indian/Mauritius',1),(2012,484,'Aguascalientes','America/Mexico_City',32),(2013,484,'Baja California','America/Tijuana',31),(2014,484,'Baja California Sur','America/Mazatlan',30),(2015,484,'Campeche','America/Merida',29),(2016,484,'Chiapas','America/Mexico_City',28),(2017,484,'Chihuahua','America/Chihuahua',27),(2018,484,'Coahuila','America/Monterrey',26),(2019,484,'Colima','America/Mexico_City',25),(2020,484,'The Federal District','America/Mexico_City',24),(2021,484,'Durango','America/Monterrey',23),(2022,484,'Guanajuato','America/Mexico_City',22),(2023,484,'Guerrero','America/Mexico_City',21),(2024,484,'Hidalgo','America/Mexico_City',20),(2025,484,'Jalisco','America/Mexico_City',19),(2026,484,'México','America/Mexico_City',18),(2027,484,'Michoacán','America/Mexico_City',17),(2028,484,'Morelos','America/Mexico_City',16),(2029,484,'Nayarit','America/Mazatlan',15),(2030,484,'Nuevo León','America/Monterrey',14),(2031,484,'Oaxaca','America/Mexico_City',13),(2032,484,'Puebla','America/Mexico_City',12),(2033,484,'Querétaro','America/Mexico_City',11),(2034,484,'Quintana Roo','America/Cancun',10),(2035,484,'San Luis Potosí','America/Mexico_City',9),(2036,484,'Sinaloa','America/Mazatlan',8),(2037,484,'Sonora','America/Hermosillo',7),(2038,484,'Tabasco','America/Mexico_City',6),(2039,484,'Tamaulipas','America/Monterrey',5),(2040,484,'Tlaxcala','America/Mexico_City',4),(2041,484,'Veracruz-Llave','America/Mexico_City',3),(2042,484,'Yucatán','America/Merida',2),(2043,484,'Zacatecas','America/Mexico_City',1),(2044,492,'Monaco','Europe/Monaco',1),(2045,496,'Arhangay','Asia/Ulaanbaatar',22),(2046,496,'Bayanhongor','Asia/Ulaanbaatar',21),(2047,496,'Bayan-Ölgiy','Asia/Hovd',20),(2048,496,'East Aimak','Asia/Ulaanbaatar',19),(2049,496,'East Gobi Aymag','Asia/Ulaanbaatar',18),(2050,496,'Middle Govĭ','Asia/Ulaanbaatar',17),(2051,496,'Dzavhan','Asia/Hovd',16),(2052,496,'Govĭ-Altay','Asia/Hovd',15),(2053,496,'Hentiy','Asia/Ulaanbaatar',14),(2054,496,'Hovd','Asia/Hovd',13),(2055,496,'Hövsgöl','Asia/Ulaanbaatar',12),(2056,496,'South Gobi Aimak','Asia/Ulaanbaatar',11),(2057,496,'South Hangay','Asia/Ulaanbaatar',10),(2058,496,'Selenge','Asia/Ulaanbaatar',9),(2059,496,'Sühbaatar','Asia/Choibalsan',8),(2060,496,'Central Aimak','Asia/Ulaanbaatar',7),(2061,496,'Uvs','Asia/Hovd',6),(2062,496,'Ulaanbaatar','Asia/Ulaanbaatar',5),(2063,496,'Bulgan','Asia/Ulaanbaatar',4),(2064,496,'Darhan Uul','Asia/Ulaanbaatar',3),(2065,496,'Govĭ-Sumber','Asia/Ulaanbaatar',2),(2066,496,'Orhon','Asia/Ulaanbaatar',1),(2067,498,'Ungheni Judetul','Europe/Chisinau',47),(2068,498,'Balti','Europe/Chisinau',46),(2069,498,'Cahul','Europe/Chisinau',45),(2070,498,'Stinga Nistrului','Europe/Chisinau',44),(2071,498,'Edinet','Europe/Chisinau',43),(2072,498,'Găgăuzia','Europe/Chisinau',42),(2073,498,'Lapusna','Europe/Chisinau',41),(2074,498,'Orhei','Europe/Chisinau',40),(2075,498,'Soroca','Europe/Chisinau',39),(2076,498,'Tighina','Europe/Chisinau',38),(2077,498,'Ungheni','Europe/Chisinau',37),(2078,498,'Chişinău','Europe/Chisinau',36),(2079,498,'Stînga Nistrului','Europe/Chisinau',35),(2080,498,'Raionul Anenii Noi','Europe/Chisinau',34),(2081,498,'Bălţi','Europe/Chisinau',33),(2082,498,'Raionul Basarabeasca','Europe/Chisinau',32),(2083,498,'Bender','Europe/Chisinau',31),(2084,498,'Raionul Briceni','Europe/Chisinau',30),(2085,498,'Raionul Cahul','Europe/Chisinau',29),(2086,498,'Raionul Cantemir','Europe/Chisinau',28),(2087,498,'Călăraşi','Europe/Chisinau',27),(2088,498,'Căuşeni','Europe/Chisinau',26),(2089,498,'Raionul Cimişlia','Europe/Chisinau',25),(2090,498,'Raionul Criuleni','Europe/Chisinau',24),(2091,498,'Raionul Donduşeni','Europe/Chisinau',23),(2092,498,'Raionul Drochia','Europe/Chisinau',22),(2093,498,'Dubăsari','Europe/Chisinau',21),(2094,498,'Raionul Edineţ','Europe/Chisinau',20),(2095,498,'Raionul Făleşti','Europe/Chisinau',19),(2096,498,'Raionul Floreşti','Europe/Chisinau',18),(2097,498,'Raionul Glodeni','Europe/Chisinau',17),(2098,498,'Raionul Hînceşti','Europe/Chisinau',16),(2099,498,'Raionul Ialoveni','Europe/Chisinau',15),(2100,498,'Raionul Leova','Europe/Chisinau',14),(2101,498,'Raionul Nisporeni','Europe/Chisinau',13),(2102,498,'Raionul Ocniţa','Europe/Chisinau',12),(2103,498,'Raionul Orhei','Europe/Chisinau',11),(2104,498,'Raionul Rezina','Europe/Chisinau',10),(2105,498,'Raionul Rîşcani','Europe/Chisinau',9),(2106,498,'Raionul Sîngerei','Europe/Chisinau',8),(2107,498,'Raionul Şoldăneşti','Europe/Chisinau',7),(2108,498,'Raionul Soroca','Europe/Chisinau',6),(2109,498,'Ştefan-Vodă','Europe/Chisinau',5),(2110,498,'Raionul Străşeni','Europe/Chisinau',4),(2111,498,'Raionul Taraclia','Europe/Chisinau',3),(2112,498,'Raionul Teleneşti','Europe/Chisinau',2),(2113,498,'Raionul Ungheni','Europe/Chisinau',1),(2114,499,'Opština Andrijevica','Europe/Podgorica',21),(2115,499,'Opština Bar','Europe/Podgorica',20),(2116,499,'Opština Berane','Europe/Podgorica',19),(2117,499,'Opština Bijelo Polje','Europe/Podgorica',18),(2118,499,'Opština Budva','Europe/Podgorica',17),(2119,499,'Opština Cetinje','Europe/Podgorica',16),(2120,499,'Opština Danilovgrad','Europe/Podgorica',15),(2121,499,'Opština Herceg Novi','Europe/Podgorica',14),(2122,499,'Opština Kolašin','Europe/Podgorica',13),(2123,499,'Opština Kotor','Europe/Podgorica',12),(2124,499,'Opština Mojkovac','Europe/Podgorica',11),(2125,499,'Opština Nikšić','Europe/Podgorica',10),(2126,499,'Opština Plav','Europe/Podgorica',9),(2127,499,'Opština Pljevlja','Europe/Podgorica',8),(2128,499,'Opština Plužine','Europe/Podgorica',7),(2129,499,'Opština Podgorica','Europe/Podgorica',6),(2130,499,'Opština Rožaje','Europe/Podgorica',5),(2131,499,'Opština Šavnik','Europe/Podgorica',4),(2132,499,'Opština Tivat','Europe/Podgorica',3),(2133,499,'Opština Ulcinj','Europe/Podgorica',2),(2134,499,'Opština Žabljak','Europe/Podgorica',1),(2135,500,'Saint Anthony','America/Montserrat',3),(2136,500,'Saint Georges','America/Montserrat',2),(2137,500,'Saint Peter','America/Montserrat',1),(2138,504,'Agadir','Africa/Casablanca',54),(2139,504,'Al Hoceïma','Africa/Casablanca',53),(2140,504,'Azizal','Africa/Casablanca',52),(2141,504,'Ben Slimane','Africa/Casablanca',51),(2142,504,'Beni Mellal','Africa/Casablanca',50),(2143,504,'Boulemane','Africa/Casablanca',49),(2144,504,'Casablanca','Africa/Casablanca',48),(2145,504,'Chaouen','Africa/Casablanca',47),(2146,504,'El Jadida','Africa/Casablanca',46),(2147,504,'El Kelaa des Srarhna','Africa/Casablanca',45),(2148,504,'Er Rachidia','Africa/Casablanca',44),(2149,504,'Essaouira','Africa/Casablanca',43),(2150,504,'Fes','Africa/Casablanca',42),(2151,504,'Figuig','Africa/Casablanca',41),(2152,504,'Kenitra','Africa/Casablanca',40),(2153,504,'Khemisset','Africa/Casablanca',39),(2154,504,'Khenifra','Africa/Casablanca',38),(2155,504,'Khouribga','Africa/Casablanca',37),(2156,504,'Marrakech','Africa/Casablanca',36),(2157,504,'Meknes','Africa/Casablanca',35),(2158,504,'Nador','Africa/Casablanca',34),(2159,504,'Ouarzazate','Africa/Casablanca',33),(2160,504,'Oujda','Africa/Casablanca',32),(2161,504,'Rabat-Sale','Africa/Casablanca',31),(2162,504,'Safi','Africa/Casablanca',30),(2163,504,'Settat','Africa/Casablanca',29),(2164,504,'Tanger','Africa/Casablanca',28),(2165,504,'Tata','Africa/Casablanca',27),(2166,504,'Taza','Africa/Casablanca',26),(2167,504,'Tiznit','Africa/Casablanca',25),(2168,504,'Guelmim','Africa/Casablanca',24),(2169,504,'Ifrane','Africa/Casablanca',23),(2170,504,'Laayoune','Africa/Casablanca',22),(2171,504,'Tan-Tan','Africa/Casablanca',21),(2172,504,'Taounate','Africa/Casablanca',20),(2173,504,'Sidi Kacem','Africa/Casablanca',19),(2174,504,'Taroudannt','Africa/Casablanca',18),(2175,504,'Tetouan','Africa/Casablanca',17),(2176,504,'Larache','Africa/Casablanca',16),(2177,504,'Grand Casablanca','Africa/Casablanca',15),(2178,504,'Fès-Boulemane','Africa/Casablanca',14),(2179,504,'Marrakech-Tensift-Al Haouz','Africa/Casablanca',13),(2180,504,'Meknès-Tafilalet','Africa/Casablanca',12),(2181,504,'Rabat-Salé-Zemmour-Zaër','Africa/Casablanca',11),(2182,504,'Chaouia-Ouardigha','Africa/Casablanca',10),(2183,504,'Doukkala-Abda','Africa/Casablanca',9),(2184,504,'Gharb-Chrarda-Beni Hssen','Africa/Casablanca',8),(2185,504,'Guelmim-Es Smara','Africa/Casablanca',7),(2186,504,'Oriental','Africa/Casablanca',6),(2187,504,'Souss-Massa-Drâa','Africa/Casablanca',5),(2188,504,'Tadla-Azilal','Africa/Casablanca',4),(2189,504,'Tanger-Tétouan','Africa/Casablanca',3),(2190,504,'Taza-Al Hoceima-Taounate','Africa/Casablanca',2),(2191,504,'Laâyoune-Boujdour-Sakia El Hamra','Africa/Casablanca',1),(2192,508,'Cabo Delgado','Africa/Maputo',11),(2193,508,'Gaza','Africa/Maputo',10),(2194,508,'Inhambane','Africa/Maputo',9),(2195,508,'Maputo Province','Africa/Maputo',8),(2196,508,'Sofala','Africa/Maputo',7),(2197,508,'Nampula','Africa/Maputo',6),(2198,508,'Niassa','Africa/Maputo',5),(2199,508,'Tete','Africa/Maputo',4),(2200,508,'Zambézia','Africa/Maputo',3),(2201,508,'Manica','Africa/Maputo',2),(2202,508,'Maputo','Africa/Maputo',1),(2203,512,'Ad Dākhilīyah','Asia/Muscat',9),(2204,512,'Al Bāţinah','Asia/Muscat',8),(2205,512,'Al Wusţá','Asia/Muscat',7),(2206,512,'Ash Sharqīyah','Asia/Muscat',6),(2207,512,'Masqaţ','Asia/Muscat',5),(2208,512,'Musandam','Asia/Muscat',4),(2209,512,'Z̧ufār','Asia/Muscat',3),(2210,512,'Az̧ Z̧āhirah','Asia/Muscat',2),(2211,512,'Muḩāfaz̧at al Buraymī','Asia/Muscat',1),(2212,516,'Bethanien','Africa/Windhoek',20),(2213,516,'Caprivi Oos','Africa/Windhoek',19),(2214,516,'Kaokoland','Africa/Windhoek',18),(2215,516,'Otjiwarongo','Africa/Windhoek',17),(2216,516,'Outjo','Africa/Windhoek',16),(2217,516,'Owambo','Africa/Windhoek',15),(2218,516,'Khomas','Africa/Windhoek',14),(2219,516,'Kavango','Africa/Windhoek',13),(2220,516,'Caprivi','Africa/Windhoek',12),(2221,516,'Erongo','Africa/Windhoek',11),(2222,516,'Hardap','Africa/Windhoek',10),(2223,516,'Karas','Africa/Windhoek',9),(2224,516,'Kunene','Africa/Windhoek',8),(2225,516,'Ohangwena','Africa/Windhoek',7),(2226,516,'Okavango','Africa/Windhoek',6),(2227,516,'Omaheke','Africa/Windhoek',5),(2228,516,'Omusati','Africa/Windhoek',4),(2229,516,'Oshana','Africa/Windhoek',3),(2230,516,'Oshikoto','Africa/Windhoek',2),(2231,516,'Otjozondjupa','Africa/Windhoek',1),(2232,520,'Aiwo','Pacific/Nauru',14),(2233,520,'Anabar','Pacific/Nauru',13),(2234,520,'Anetan','Pacific/Nauru',12),(2235,520,'Anibare','Pacific/Nauru',11),(2236,520,'Baiti','Pacific/Nauru',10),(2237,520,'Boe','Pacific/Nauru',9),(2238,520,'Buada','Pacific/Nauru',8),(2239,520,'Denigomodu','Pacific/Nauru',7),(2240,520,'Ewa','Pacific/Nauru',6),(2241,520,'Ijuw','Pacific/Nauru',5),(2242,520,'Meneng','Pacific/Nauru',4),(2243,520,'Nibok','Pacific/Nauru',3),(2244,520,'Uaboe','Pacific/Nauru',2),(2245,520,'Yaren','Pacific/Nauru',1),(2246,524,'Bāgmatī','Asia/Kathmandu',14),(2247,524,'Bherī','Asia/Kathmandu',13),(2248,524,'Dhawalāgiri','Asia/Kathmandu',12),(2249,524,'Gandakī','Asia/Kathmandu',11),(2250,524,'Janakpur','Asia/Kathmandu',10),(2251,524,'Karnālī','Asia/Kathmandu',9),(2252,524,'Kosī','Asia/Kathmandu',8),(2253,524,'Lumbinī','Asia/Kathmandu',7),(2254,524,'Mahākālī','Asia/Kathmandu',6),(2255,524,'Mechī','Asia/Kathmandu',5),(2256,524,'Nārāyanī','Asia/Kathmandu',4),(2257,524,'Rāptī','Asia/Kathmandu',3),(2258,524,'Sagarmāthā','Asia/Kathmandu',2),(2259,524,'Setī','Asia/Kathmandu',1),(2260,528,'Provincie Drenthe','Europe/Amsterdam',12),(2261,528,'Provincie Friesland','Europe/Amsterdam',11),(2262,528,'Gelderland','Europe/Amsterdam',10),(2263,528,'Groningen','Europe/Amsterdam',9),(2264,528,'Limburg','Europe/Amsterdam',8),(2265,528,'North Brabant','Europe/Amsterdam',7),(2266,528,'North Holland','Europe/Amsterdam',6),(2267,528,'Utrecht','Europe/Amsterdam',5),(2268,528,'Zeeland','Europe/Amsterdam',4),(2269,528,'South Holland','Europe/Amsterdam',3),(2270,528,'Overijssel','Europe/Amsterdam',2),(2271,528,'Flevoland','Europe/Amsterdam',1),(2272,530,'Netherlands Antilles','America/Curacao',1),(2273,533,'Aruba','America/Aruba',1),(2274,548,'Ambrym','Pacific/Efate',14),(2275,548,'Aoba/Maéwo','Pacific/Efate',13),(2276,548,'Torba','Pacific/Efate',12),(2277,548,'Éfaté','Pacific/Efate',11),(2278,548,'Épi','Pacific/Efate',10),(2279,548,'Malakula','Pacific/Efate',9),(2280,548,'Paama','Pacific/Efate',8),(2281,548,'Pentecôte','Pacific/Efate',7),(2282,548,'Sanma','Pacific/Efate',6),(2283,548,'Shepherd','Pacific/Efate',5),(2284,548,'Tafea','Pacific/Efate',4),(2285,548,'Malampa','Pacific/Efate',3),(2286,548,'Penama','Pacific/Efate',2),(2287,548,'Shefa','Pacific/Efate',1),(2288,554,'Tasman','Pacific/Auckland',16),(2289,554,'Auckland','Pacific/Auckland',15),(2290,554,'Bay of Plenty','Pacific/Auckland',14),(2291,554,'Canterbury','Pacific/Auckland',13),(2292,554,'Gisborne','Pacific/Auckland',12),(2293,554,'Hawkeʼs Bay','Pacific/Auckland',11),(2294,554,'Manawatu-Wanganui','Pacific/Auckland',10),(2295,554,'Marlborough','Pacific/Auckland',9),(2296,554,'Nelson','Pacific/Auckland',8),(2297,554,'Northland','Pacific/Auckland',7),(2298,554,'Otago','Pacific/Auckland',6),(2299,554,'Southland','Pacific/Auckland',5),(2300,554,'Taranaki','Pacific/Auckland',4),(2301,554,'Waikato','Pacific/Auckland',3),(2302,554,'Wellington','Pacific/Auckland',2),(2303,554,'West Coast','Pacific/Auckland',1),(2304,558,'Boaco','America/Managua',18),(2305,558,'Carazo','America/Managua',17),(2306,558,'Chinandega','America/Managua',16),(2307,558,'Chontales','America/Managua',15),(2308,558,'Estelí','America/Managua',14),(2309,558,'Granada','America/Managua',13),(2310,558,'Jinotega','America/Managua',12),(2311,558,'León','America/Managua',11),(2312,558,'Madriz','America/Managua',10),(2313,558,'Managua','America/Managua',9),(2314,558,'Masaya','America/Managua',8),(2315,558,'Matagalpa','America/Managua',7),(2316,558,'Nueva Segovia','America/Managua',6),(2317,558,'Río San Juan','America/Managua',5),(2318,558,'Rivas','America/Managua',4),(2319,558,'Ogun State','America/Managua',3),(2320,558,'Atlántico Norte','America/Managua',2),(2321,558,'Atlántico Sur','America/Managua',1),(2322,562,'Agadez','Africa/Niamey',8),(2323,562,'Diffa','Africa/Niamey',7),(2324,562,'Dosso','Africa/Niamey',6),(2325,562,'Maradi','Africa/Niamey',5),(2326,562,'Tahoua','Africa/Niamey',4),(2327,562,'Zinder','Africa/Niamey',3),(2328,562,'Niamey','Africa/Niamey',2),(2329,562,'Tillabéri','Africa/Niamey',1),(2330,566,'Lagos','Africa/Lagos',37),(2331,566,'Abuja Federal Capital Territory','Africa/Lagos',36),(2332,566,'Ogun','Africa/Lagos',35),(2333,566,'Akwa Ibom','Africa/Lagos',34),(2334,566,'Cross River','Africa/Lagos',33),(2335,566,'Kaduna','Africa/Lagos',32),(2336,566,'Katsina','Africa/Lagos',31),(2337,566,'Anambra','Africa/Lagos',30),(2338,566,'Benue','Africa/Lagos',29),(2339,566,'Borno','Africa/Lagos',28),(2340,566,'Imo','Africa/Lagos',27),(2341,566,'Kano','Africa/Lagos',26),(2342,566,'Kwara','Africa/Lagos',25),(2343,566,'Niger','Africa/Lagos',24),(2344,566,'Oyo','Africa/Lagos',23),(2345,566,'Adamawa','Africa/Lagos',22),(2346,566,'Delta','Africa/Lagos',21),(2347,566,'Edo','Africa/Lagos',20),(2348,566,'Jigawa','Africa/Lagos',19),(2349,566,'Kebbi','Africa/Lagos',18),(2350,566,'Kogi','Africa/Lagos',17),(2351,566,'Osun','Africa/Lagos',16),(2352,566,'Taraba','Africa/Lagos',15),(2353,566,'Yobe','Africa/Lagos',14),(2354,566,'Abia','Africa/Lagos',13),(2355,566,'Bauchi','Africa/Lagos',12),(2356,566,'Enugu','Africa/Lagos',11),(2357,566,'Ondo','Africa/Lagos',10),(2358,566,'Plateau','Africa/Lagos',9),(2359,566,'Rivers','Africa/Lagos',8),(2360,566,'Sokoto','Africa/Lagos',7),(2361,566,'Bayelsa','Africa/Lagos',6),(2362,566,'Ebonyi','Africa/Lagos',5),(2363,566,'Ekiti','Africa/Lagos',4),(2364,566,'Gombe','Africa/Lagos',3),(2365,566,'Nassarawa','Africa/Lagos',2),(2366,566,'Zamfara','Africa/Lagos',1),(2367,570,'Niue','Pacific/Niue',1),(2368,574,'Norfolk Island','Pacific/Norfolk',1),(2369,578,'Svalbard','Europe/Oslo',20),(2370,578,'Akershus','Europe/Oslo',19),(2371,578,'Aust-Agder','Europe/Oslo',18),(2372,578,'Buskerud','Europe/Oslo',17),(2373,578,'Finnmark','Europe/Oslo',16),(2374,578,'Hedmark','Europe/Oslo',15),(2375,578,'Hordaland','Europe/Oslo',14),(2376,578,'Møre og Romsdal','Europe/Oslo',13),(2377,578,'Nordland','Europe/Oslo',12),(2378,578,'Nord-Trøndelag','Europe/Oslo',11),(2379,578,'Oppland','Europe/Oslo',10),(2380,578,'Oslo county','Europe/Oslo',9),(2381,578,'Østfold','Europe/Oslo',8),(2382,578,'Rogaland','Europe/Oslo',7),(2383,578,'Sogn og Fjordane','Europe/Oslo',6),(2384,578,'Sør-Trøndelag','Europe/Oslo',5),(2385,578,'Telemark','Europe/Oslo',4),(2386,578,'Troms','Europe/Oslo',3),(2387,578,'Vest-Agder','Europe/Oslo',2),(2388,578,'Vestfold','Europe/Oslo',1),(2389,583,'Kosrae','Pacific/Kosrae',4),(2390,583,'Pohnpei','Pacific/Ponape',3),(2391,583,'Chuuk','Pacific/Truk',2),(2392,583,'Yap','Pacific/Truk',1),(2393,584,'Marshall Islands','Pacific/Majuro',1),(2394,585,'State of Ngeremlengui','Pacific/Palau',1),(2395,586,'Federally Administered Tribal Areas','Asia/Karachi',8),(2396,586,'Balochistān','Asia/Karachi',7),(2397,586,'North West Frontier Province','Asia/Karachi',6),(2398,586,'Punjab','Asia/Karachi',5),(2399,586,'Sindh','Asia/Karachi',4),(2400,586,'Azad Kashmir','Asia/Karachi',3),(2401,586,'Gilgit-Baltistan','Asia/Karachi',2),(2402,586,'Islāmābād','Asia/Karachi',1),(2403,591,'Bocas del Toro','America/Panama',10),(2404,591,'Chiriquí','America/Panama',9),(2405,591,'Coclé','America/Panama',8),(2406,591,'Colón','America/Panama',7),(2407,591,'Darién','America/Panama',6),(2408,591,'Herrera','America/Panama',5),(2409,591,'Los Santos','America/Panama',4),(2410,591,'Panamá','America/Panama',3),(2411,591,'San Blas','America/Panama',2),(2412,591,'Veraguas','America/Panama',1),(2413,598,'Central','Pacific/Port_Moresby',20),(2414,598,'Gulf','Pacific/Port_Moresby',19),(2415,598,'Milne Bay','Pacific/Port_Moresby',18),(2416,598,'Northern','Pacific/Port_Moresby',17),(2417,598,'Southern Highlands','Pacific/Port_Moresby',16),(2418,598,'Western','Pacific/Port_Moresby',15),(2419,598,'Bougainville','Pacific/Port_Moresby',14),(2420,598,'Chimbu','Pacific/Port_Moresby',13),(2421,598,'Eastern Highlands','Pacific/Port_Moresby',12),(2422,598,'East New Britain','Pacific/Port_Moresby',11),(2423,598,'East Sepik','Pacific/Port_Moresby',10),(2424,598,'Madang','Pacific/Port_Moresby',9),(2425,598,'Manus','Pacific/Port_Moresby',8),(2426,598,'Morobe','Pacific/Port_Moresby',7),(2427,598,'New Ireland','Pacific/Port_Moresby',6),(2428,598,'Western Highlands','Pacific/Port_Moresby',5),(2429,598,'West New Britain','Pacific/Port_Moresby',4),(2430,598,'Sandaun','Pacific/Port_Moresby',3),(2431,598,'Enga','Pacific/Port_Moresby',2),(2432,598,'National Capital','Pacific/Port_Moresby',1),(2433,600,'Alto Paraná','America/Asuncion',18),(2434,600,'Amambay','America/Asuncion',17),(2435,600,'Caaguazú','America/Asuncion',16),(2436,600,'Caazapá','America/Asuncion',15),(2437,600,'Central','America/Asuncion',14),(2438,600,'Concepción','America/Asuncion',13),(2439,600,'Cordillera','America/Asuncion',12),(2440,600,'Guairá','America/Asuncion',11),(2441,600,'Itapúa','America/Asuncion',10),(2442,600,'Misiones','America/Asuncion',9),(2443,600,'Ñeembucú','America/Asuncion',8),(2444,600,'Paraguarí','America/Asuncion',7),(2445,600,'Presidente Hayes','America/Asuncion',6),(2446,600,'San Pedro','America/Asuncion',5),(2447,600,'Canindeyú','America/Asuncion',4),(2448,600,'Asunción','America/Asuncion',3),(2449,600,'Departamento de Alto Paraguay','America/Asuncion',2),(2450,600,'Boquerón','America/Asuncion',1),(2451,604,'Amazonas','America/Lima',26),(2452,604,'Ancash','America/Lima',25),(2453,604,'Apurímac','America/Lima',24),(2454,604,'Arequipa','America/Lima',23),(2455,604,'Ayacucho','America/Lima',22),(2456,604,'Cajamarca','America/Lima',21),(2457,604,'Callao','America/Lima',20),(2458,604,'Cusco','America/Lima',19),(2459,604,'Huancavelica','America/Lima',18),(2460,604,'Huanuco','America/Lima',17),(2461,604,'Ica','America/Lima',16),(2462,604,'Junín','America/Lima',15),(2463,604,'La Libertad','America/Lima',14),(2464,604,'Lambayeque','America/Lima',13),(2465,604,'Lima','America/Lima',12),(2466,604,'Provincia de Lima','America/Lima',11),(2467,604,'Loreto','America/Lima',10),(2468,604,'Madre de Dios','America/Lima',9),(2469,604,'Moquegua','America/Lima',8),(2470,604,'Pasco','America/Lima',7),(2471,604,'Piura','America/Lima',6),(2472,604,'Puno','America/Lima',5),(2473,604,'San Martín','America/Lima',4),(2474,604,'Tacna','America/Lima',3),(2475,604,'Tumbes','America/Lima',2),(2476,604,'Ucayali','America/Lima',1),(2477,608,'Abra','Asia/Manila',118),(2478,608,'Agusan del Norte','Asia/Manila',117),(2479,608,'Agusan del Sur','Asia/Manila',116),(2480,608,'Aklan','Asia/Manila',115),(2481,608,'Albay','Asia/Manila',114),(2482,608,'Antique','Asia/Manila',113),(2483,608,'Bataan','Asia/Manila',112),(2484,608,'Batanes','Asia/Manila',111),(2485,608,'Batangas','Asia/Manila',110),(2486,608,'Benguet','Asia/Manila',109),(2487,608,'Bohol','Asia/Manila',108),(2488,608,'Bukidnon','Asia/Manila',107),(2489,608,'Bulacan','Asia/Manila',106),(2490,608,'Cagayan','Asia/Manila',105),(2491,608,'Camarines Norte','Asia/Manila',104),(2492,608,'Camarines Sur','Asia/Manila',103),(2493,608,'Camiguin','Asia/Manila',102),(2494,608,'Capiz','Asia/Manila',101),(2495,608,'Catanduanes','Asia/Manila',100),(2496,608,'Cebu','Asia/Manila',99),(2497,608,'Basilan','Asia/Manila',98),(2498,608,'Eastern Samar','Asia/Manila',97),(2499,608,'Davao del Sur','Asia/Manila',96),(2500,608,'Davao Oriental','Asia/Manila',95),(2501,608,'Ifugao','Asia/Manila',94),(2502,608,'Ilocos Norte','Asia/Manila',93),(2503,608,'Ilocos Sur','Asia/Manila',92),(2504,608,'Iloilo','Asia/Manila',91),(2505,608,'Isabela','Asia/Manila',90),(2506,608,'Laguna','Asia/Manila',89),(2507,608,'Lanao del Sur','Asia/Manila',88),(2508,608,'La Union','Asia/Manila',87),(2509,608,'Leyte','Asia/Manila',86),(2510,608,'Marinduque','Asia/Manila',85),(2511,608,'Masbate','Asia/Manila',84),(2512,608,'Occidental Mindoro','Asia/Manila',83),(2513,608,'Oriental Mindoro','Asia/Manila',82),(2514,608,'Misamis Oriental','Asia/Manila',81),(2515,608,'Mountain Province','Asia/Manila',80),(2516,608,'Negros Oriental','Asia/Manila',79),(2517,608,'Nueva Ecija','Asia/Manila',78),(2518,608,'Nueva Vizcaya','Asia/Manila',77),(2519,608,'Palawan','Asia/Manila',76),(2520,608,'Pampanga','Asia/Manila',75),(2521,608,'Pangasinan','Asia/Manila',74),(2522,608,'Rizal','Asia/Manila',73),(2523,608,'Romblon','Asia/Manila',72),(2524,608,'Samar','Asia/Manila',71),(2525,608,'Maguindanao','Asia/Manila',70),(2526,608,'Cotabato City','Asia/Manila',69),(2527,608,'Sorsogon','Asia/Manila',68),(2528,608,'Southern Leyte','Asia/Manila',67),(2529,608,'Sulu','Asia/Manila',66),(2530,608,'Surigao del Norte','Asia/Manila',65),(2531,608,'Surigao del Sur','Asia/Manila',64),(2532,608,'Tarlac','Asia/Manila',63),(2533,608,'Zambales','Asia/Manila',62),(2534,608,'Zamboanga del Norte','Asia/Manila',61),(2535,608,'Zamboanga del Sur','Asia/Manila',60),(2536,608,'Northern Samar','Asia/Manila',59),(2537,608,'Quirino','Asia/Manila',58),(2538,608,'Siquijor','Asia/Manila',57),(2539,608,'South Cotabato','Asia/Manila',56),(2540,608,'Sultan Kudarat','Asia/Manila',55),(2541,608,'Kalinga','Asia/Manila',54),(2542,608,'Apayao','Asia/Manila',53),(2543,608,'Tawi-Tawi','Asia/Manila',52),(2544,608,'Angeles','Asia/Manila',51),(2545,608,'Bacolod City','Asia/Manila',50),(2546,608,'Compostela Valley','Asia/Manila',49),(2547,608,'Baguio','Asia/Manila',48),(2548,608,'Davao del Norte','Asia/Manila',47),(2549,608,'Butuan','Asia/Manila',46),(2550,608,'Guimaras','Asia/Manila',45),(2551,608,'Lanao del Norte','Asia/Manila',44),(2552,608,'Misamis Occidental','Asia/Manila',43),(2553,608,'Caloocan','Asia/Manila',42),(2554,608,'Cavite','Asia/Manila',41),(2555,608,'Cebu City','Asia/Manila',40),(2556,608,'Cotabato','Asia/Manila',39),(2557,608,'Dagupan','Asia/Manila',38),(2558,608,'Cagayan de Oro','Asia/Manila',37),(2559,608,'Iligan','Asia/Manila',36),(2560,608,'Davao','Asia/Manila',35),(2561,608,'Las Piñas','Asia/Manila',34),(2562,608,'Malabon','Asia/Manila',33),(2563,608,'General Santos','Asia/Manila',32),(2564,608,'Muntinlupa','Asia/Manila',31),(2565,608,'Iloilo City','Asia/Manila',30),(2566,608,'Navotas','Asia/Manila',29),(2567,608,'Parañaque','Asia/Manila',28),(2568,608,'Quezon City','Asia/Manila',27),(2569,608,'Lapu-Lapu','Asia/Manila',26),(2570,608,'Taguig','Asia/Manila',25),(2571,608,'Valenzuela','Asia/Manila',24),(2572,608,'Lucena','Asia/Manila',23),(2573,608,'Mandaue','Asia/Manila',22),(2574,608,'Manila','Asia/Manila',21),(2575,608,'Zamboanga Sibugay','Asia/Manila',20),(2576,608,'Naga','Asia/Manila',19),(2577,608,'Olongapo','Asia/Manila',18),(2578,608,'Ormoc','Asia/Manila',17),(2579,608,'Santiago','Asia/Manila',16),(2580,608,'Pateros','Asia/Manila',15),(2581,608,'Pasay','Asia/Manila',14),(2582,608,'Puerto Princesa','Asia/Manila',13),(2583,608,'Quezon','Asia/Manila',12),(2584,608,'Tacloban','Asia/Manila',11),(2585,608,'Zamboanga City','Asia/Manila',10),(2586,608,'Aurora','Asia/Manila',9),(2587,608,'Negros Occidental','Asia/Manila',8),(2588,608,'Biliran','Asia/Manila',7),(2589,608,'Makati City','Asia/Manila',6),(2590,608,'Sarangani','Asia/Manila',5),(2591,608,'Mandaluyong City','Asia/Manila',4),(2592,608,'Marikina','Asia/Manila',3),(2593,608,'Pasig','Asia/Manila',2),(2594,608,'San Juan','Asia/Manila',1),(2595,612,'Pitcairn Islands','Pacific/Pitcairn',1),(2596,616,'Biala Podlaska','Europe/Warsaw',65),(2597,616,'Bialystok','Europe/Warsaw',64),(2598,616,'Bielsko','Europe/Warsaw',63),(2599,616,'Bydgoszcz','Europe/Warsaw',62),(2600,616,'Chelm','Europe/Warsaw',61),(2601,616,'Ciechanow','Europe/Warsaw',60),(2602,616,'Czestochowa','Europe/Warsaw',59),(2603,616,'Elblag','Europe/Warsaw',58),(2604,616,'Gdansk','Europe/Warsaw',57),(2605,616,'Gorzow','Europe/Warsaw',56),(2606,616,'Jelenia Gora','Europe/Warsaw',55),(2607,616,'Kalisz','Europe/Warsaw',54),(2608,616,'Katowice','Europe/Warsaw',53),(2609,616,'Kielce','Europe/Warsaw',52),(2610,616,'Konin','Europe/Warsaw',51),(2611,616,'Koszalin','Europe/Warsaw',50),(2612,616,'Krakow','Europe/Warsaw',49),(2613,616,'Krosno','Europe/Warsaw',48),(2614,616,'Legnica','Europe/Warsaw',47),(2615,616,'Leszno','Europe/Warsaw',46),(2616,616,'Lodz','Europe/Warsaw',45),(2617,616,'Lomza','Europe/Warsaw',44),(2618,616,'Lublin','Europe/Warsaw',43),(2619,616,'Nowy Sacz','Europe/Warsaw',42),(2620,616,'Olsztyn','Europe/Warsaw',41),(2621,616,'Opole','Europe/Warsaw',40),(2622,616,'Ostroleka','Europe/Warsaw',39),(2623,616,'Pita','Europe/Warsaw',38),(2624,616,'Piotrkow','Europe/Warsaw',37),(2625,616,'Plock','Europe/Warsaw',36),(2626,616,'Poznan','Europe/Warsaw',35),(2627,616,'Przemysl','Europe/Warsaw',34),(2628,616,'Radom','Europe/Warsaw',33),(2629,616,'Rzeszow','Europe/Warsaw',32),(2630,616,'Siedlce','Europe/Warsaw',31),(2631,616,'Sieradz','Europe/Warsaw',30),(2632,616,'Skierniewice','Europe/Warsaw',29),(2633,616,'Slupsk','Europe/Warsaw',28),(2634,616,'Suwalki','Europe/Warsaw',27),(2635,616,'Szczecin','Europe/Warsaw',26),(2636,616,'Tarnobrzeg','Europe/Warsaw',25),(2637,616,'Tarnow','Europe/Warsaw',24),(2638,616,'Torufi','Europe/Warsaw',23),(2639,616,'Walbrzych','Europe/Warsaw',22),(2640,616,'Warszawa','Europe/Warsaw',21),(2641,616,'Wloclawek','Europe/Warsaw',20),(2642,616,'Wroclaw','Europe/Warsaw',19),(2643,616,'Zamosc','Europe/Warsaw',18),(2644,616,'Zielona Gora','Europe/Warsaw',17),(2645,616,'Lower Silesian Voivodeship','Europe/Warsaw',16),(2646,616,'Kujawsko-Pomorskie Voivodship','Europe/Warsaw',15),(2647,616,'Łódź Voivodeship','Europe/Warsaw',14),(2648,616,'Lublin Voivodeship','Europe/Warsaw',13),(2649,616,'Lubusz Voivodship','Europe/Warsaw',12),(2650,616,'Lesser Poland Voivodeship','Europe/Warsaw',11),(2651,616,'Masovian Voivodeship','Europe/Warsaw',10),(2652,616,'Opole Voivodeship','Europe/Warsaw',9),(2653,616,'Subcarpathian Voivodeship','Europe/Warsaw',8),(2654,616,'Podlasie Voivodship','Europe/Warsaw',7),(2655,616,'Pomeranian Voivodeship','Europe/Warsaw',6),(2656,616,'Silesian Voivodeship','Europe/Warsaw',5),(2657,616,'Świętokrzyskie Voivodship','Europe/Warsaw',4),(2658,616,'Warmian-Masurian Voivodeship','Europe/Warsaw',3),(2659,616,'Greater Poland Voivodeship','Europe/Warsaw',2),(2660,616,'West Pomeranian Voivodeship','Europe/Warsaw',1),(2661,620,'Aveiro','Europe/Lisbon',20),(2662,620,'Beja','Europe/Lisbon',19),(2663,620,'Braga','Europe/Lisbon',18),(2664,620,'Bragança','Europe/Lisbon',17),(2665,620,'Castelo Branco','Europe/Lisbon',16),(2666,620,'Coimbra','Europe/Lisbon',15),(2667,620,'Évora','Europe/Lisbon',14),(2668,620,'Faro','Europe/Lisbon',13),(2669,620,'Madeira','Atlantic/Madeira',12),(2670,620,'Guarda','Europe/Lisbon',11),(2671,620,'Leiria','Europe/Lisbon',10),(2672,620,'Lisbon','Europe/Lisbon',9),(2673,620,'Portalegre','Europe/Lisbon',8),(2674,620,'Porto','Europe/Lisbon',7),(2675,620,'Santarém','Europe/Lisbon',6),(2676,620,'Setúbal','Europe/Lisbon',5),(2677,620,'Viana do Castelo','Europe/Lisbon',4),(2678,620,'Vila Real','Europe/Lisbon',3),(2679,620,'Viseu','Europe/Lisbon',2),(2680,620,'Azores','Atlantic/Azores',1),(2681,624,'Bafatá','Africa/Bissau',9),(2682,624,'Quinara','Africa/Bissau',8),(2683,624,'Oio','Africa/Bissau',7),(2684,624,'Bolama','Africa/Bissau',6),(2685,624,'Cacheu','Africa/Bissau',5),(2686,624,'Tombali','Africa/Bissau',4),(2687,624,'Gabú','Africa/Bissau',3),(2688,624,'Bissau','Africa/Bissau',2),(2689,624,'Biombo','Africa/Bissau',1),(2690,626,'Bobonaro','Asia/Dili',1),(2691,630,'Puerto Rico','America/Puerto_Rico',1),(2692,634,'Ad Dawḩah','Asia/Qatar',12),(2693,634,'Al Ghuwayrīyah','Asia/Qatar',11),(2694,634,'Al Jumaylīyah','Asia/Qatar',10),(2695,634,'Al Khawr','Asia/Qatar',9),(2696,634,'Al Wakrah Municipality','Asia/Qatar',8),(2697,634,'Ar Rayyān','Asia/Qatar',7),(2698,634,'Jarayan al Batinah','Asia/Qatar',6),(2699,634,'Madīnat ash Shamāl','Asia/Qatar',5),(2700,634,'Umm Şalāl','Asia/Qatar',4),(2701,634,'Al Wakrah','Asia/Qatar',3),(2702,634,'Jarayān al Bāţinah','Asia/Qatar',2),(2703,634,'Umm Sa‘īd','Asia/Qatar',1),(2704,638,'Réunion','Indian/Reunion',1),(2705,642,'Alba','Europe/Bucharest',42),(2706,642,'Arad','Europe/Bucharest',41),(2707,642,'Argeş','Europe/Bucharest',40),(2708,642,'Bacău','Europe/Bucharest',39),(2709,642,'Bihor','Europe/Bucharest',38),(2710,642,'Bistriţa-Năsăud','Europe/Bucharest',37),(2711,642,'Botoşani','Europe/Bucharest',36),(2712,642,'Brăila','Europe/Bucharest',35),(2713,642,'Braşov','Europe/Bucharest',34),(2714,642,'Bucureşti','Europe/Bucharest',33),(2715,642,'Buzău','Europe/Bucharest',32),(2716,642,'Caraş-Severin','Europe/Bucharest',31),(2717,642,'Cluj','Europe/Bucharest',30),(2718,642,'Constanţa','Europe/Bucharest',29),(2719,642,'Covasna','Europe/Bucharest',28),(2720,642,'Dâmboviţa','Europe/Bucharest',27),(2721,642,'Dolj','Europe/Bucharest',26),(2722,642,'Galaţi','Europe/Bucharest',25),(2723,642,'Gorj','Europe/Bucharest',24),(2724,642,'Harghita','Europe/Bucharest',23),(2725,642,'Hunedoara','Europe/Bucharest',22),(2726,642,'Ialomiţa','Europe/Bucharest',21),(2727,642,'Iaşi','Europe/Bucharest',20),(2728,642,'Maramureş','Europe/Bucharest',19),(2729,642,'Mehedinţi','Europe/Bucharest',18),(2730,642,'Mureş','Europe/Bucharest',17),(2731,642,'Neamţ','Europe/Bucharest',16),(2732,642,'Olt','Europe/Bucharest',15),(2733,642,'Prahova','Europe/Bucharest',14),(2734,642,'Sălaj','Europe/Bucharest',13),(2735,642,'Satu Mare','Europe/Bucharest',12),(2736,642,'Sibiu','Europe/Bucharest',11),(2737,642,'Suceava','Europe/Bucharest',10),(2738,642,'Teleorman','Europe/Bucharest',9),(2739,642,'Timiş','Europe/Bucharest',8),(2740,642,'Tulcea','Europe/Bucharest',7),(2741,642,'Vaslui','Europe/Bucharest',6),(2742,642,'Vâlcea','Europe/Bucharest',5),(2743,642,'Judeţul Vrancea','Europe/Bucharest',4),(2744,642,'Călăraşi','Europe/Bucharest',3),(2745,642,'Giurgiu','Europe/Bucharest',2),(2746,642,'Ilfov','Europe/Bucharest',1),(2747,643,'Adygeya','Europe/Moscow',84),(2748,643,'Altay','Asia/Krasnoyarsk',83),(2749,643,'Altayskiy Kray','Asia/Krasnoyarsk',82),(2750,643,'Amur','Asia/Yakutsk',81),(2751,643,'Arkhangelskaya oblast','Europe/Moscow',80),(2752,643,'Astrakhan','Europe/Samara',79),(2753,643,'Bashkortostan','Asia/Yekaterinburg',78),(2754,643,'Belgorod','Europe/Moscow',77),(2755,643,'Brjansk','Europe/Moscow',76),(2756,643,'Buryatiya','Asia/Irkutsk',75),(2757,643,'Chechnya','Europe/Moscow',74),(2758,643,'Tsjeljabinsk','Asia/Yekaterinburg',73),(2759,643,'Zabaïkalski Kray','Asia/Yakutsk',72),(2760,643,'Chukotskiy Avtonomnyy Okrug','Asia/Kamchatka',71),(2761,643,'Chuvashia','Europe/Moscow',70),(2762,643,'Dagestan','Europe/Moscow',69),(2763,643,'Ingushetiya','Europe/Moscow',68),(2764,643,'Irkutsk','Asia/Irkutsk',67),(2765,643,'Ivanovo','Europe/Moscow',66),(2766,643,'Kabardino-Balkariya','Europe/Moscow',65),(2767,643,'Kaliningrad','Europe/Kaliningrad',64),(2768,643,'Kalmykiya','Europe/Moscow',63),(2769,643,'Kaluga','Europe/Moscow',62),(2770,643,'Karachayevo-Cherkesiya','Europe/Moscow',61),(2771,643,'Kareliya','Europe/Moscow',60),(2772,643,'Kemerovo','Asia/Krasnoyarsk',59),(2773,643,'Khabarovsk Krai','Asia/Vladivostok',58),(2774,643,'Khakasiya','Asia/Krasnoyarsk',57),(2775,643,'Khanty-Mansiyskiy Avtonomnyy Okrug','Asia/Yekaterinburg',56),(2776,643,'Kirov','Europe/Samara',55),(2777,643,'Komi','Europe/Moscow',54),(2778,643,'Kostroma','Europe/Moscow',53),(2779,643,'Krasnodarskiy Kray','Asia/Krasnoyarsk',52),(2780,643,'Kurgan','Asia/Yekaterinburg',51),(2781,643,'Kursk','Europe/Moscow',50),(2782,643,'Leningradskaya Oblastʼ','Europe/Moscow',49),(2783,643,'Lipetsk','Europe/Moscow',48),(2784,643,'Magadan','Asia/Magadan',47),(2785,643,'Mariy-El','Europe/Moscow',46),(2786,643,'Mordoviya','Europe/Moscow',45),(2787,643,'Moskovskaya Oblastʼ','Europe/Moscow',44),(2788,643,'Moscow','Europe/Moscow',43),(2789,643,'Murmansk Oblast','Europe/Moscow',42),(2790,643,'Nenetskiy Avtonomnyy Okrug','Europe/Moscow',41),(2791,643,'Nizjnij Novgorod','Europe/Moscow',40),(2792,643,'Novgorod','Europe/Moscow',39),(2793,643,'Novosibirsk','Asia/Novosibirsk',38),(2794,643,'Omsk','Asia/Omsk',37),(2795,643,'Orenburg','Asia/Yekaterinburg',36),(2796,643,'Orjol','Europe/Moscow',35),(2797,643,'Penza','Europe/Moscow',34),(2798,643,'Primorskiy Kray','Asia/Vladivostok',33),(2799,643,'Pskov','Europe/Moscow',32),(2800,643,'Rostov','Europe/Moscow',31),(2801,643,'Rjazan','Europe/Moscow',30),(2802,643,'Sakha','Asia/Vladivostok',29),(2803,643,'Sakhalin','Asia/Vladivostok',28),(2804,643,'Samara','Europe/Samara',27),(2805,643,'Sankt-Peterburg','Europe/Moscow',26),(2806,643,'Saratov','Europe/Samara',25),(2807,643,'Severnaya Osetiya-Alaniya','Europe/Moscow',24),(2808,643,'Smolensk','Europe/Moscow',23),(2809,643,'Stavropolʼskiy Kray','Europe/Moscow',22),(2810,643,'Sverdlovsk','Asia/Yekaterinburg',21),(2811,643,'Tambov','Europe/Moscow',20),(2812,643,'Tatarstan','Europe/Moscow',19),(2813,643,'Tomsk','Asia/Krasnoyarsk',18),(2814,643,'Tula','Europe/Moscow',17),(2815,643,'Tverskaya Oblast’','Europe/Moscow',16),(2816,643,'Tjumen','Asia/Yekaterinburg',15),(2817,643,'Tyva','Asia/Krasnoyarsk',14),(2818,643,'Udmurtiya','Europe/Samara',13),(2819,643,'Uljanovsk','Europe/Samara',12),(2820,643,'Vladimir','Europe/Moscow',11),(2821,643,'Volgograd','Europe/Samara',10),(2822,643,'Vologda','Europe/Moscow',9),(2823,643,'Voronezj','Europe/Moscow',8),(2824,643,'Yamalo-Nenetskiy Avtonomnyy Okrug','Asia/Yekaterinburg',7),(2825,643,'Jaroslavl','Europe/Moscow',6),(2826,643,'Jewish Autonomous Oblast','Asia/Vladivostok',5),(2827,643,'Perm','Asia/Yekaterinburg',4),(2828,643,'Krasnoyarskiy Kray','Asia/Krasnoyarsk',3),(2829,643,'Kamtsjatka','Asia/Kamchatka',2),(2830,643,'RSJA','Europe/Moscow',1),(2831,646,'Eastern Province','Africa/Kigali',5),(2832,646,'Kigali City','Africa/Kigali',4),(2833,646,'Northern Province','Africa/Kigali',3),(2834,646,'Western Province','Africa/Kigali',2),(2835,646,'Southern Province','Africa/Kigali',1),(2836,654,'Ascension','Atlantic/St_Helena',3),(2837,654,'Saint Helena','Atlantic/St_Helena',2),(2838,654,'Tristan da Cunha','Atlantic/St_Helena',1),(2839,659,'Christ Church Nichola Town','America/St_Kitts',14),(2840,659,'Saint Anne Sandy Point','America/St_Kitts',13),(2841,659,'Saint George Basseterre','America/St_Kitts',12),(2842,659,'Saint George Gingerland','America/St_Kitts',11),(2843,659,'Saint James Windwa','America/St_Kitts',10),(2844,659,'Saint John Capesterre','America/St_Kitts',9),(2845,659,'Saint John Figtree','America/St_Kitts',8),(2846,659,'Saint Mary Cayon','America/St_Kitts',7),(2847,659,'Saint Paul Capesterre','America/St_Kitts',6),(2848,659,'Saint Paul Charlestown','America/St_Kitts',5),(2849,659,'Saint Peter Basseterre','America/St_Kitts',4),(2850,659,'Saint Thomas Lowland','America/St_Kitts',3),(2851,659,'Saint Thomas Middle Island','America/St_Kitts',2),(2852,659,'Trinity Palmetto Point','America/St_Kitts',1),(2853,660,'Anguilla','America/Anguilla',1),(2854,662,'Anse-la-Raye','America/St_Lucia',11),(2855,662,'Dauphin','America/St_Lucia',10),(2856,662,'Castries','America/St_Lucia',9),(2857,662,'Choiseul','America/St_Lucia',8),(2858,662,'Dennery','America/St_Lucia',7),(2859,662,'Gros-Islet','America/St_Lucia',6),(2860,662,'Laborie','America/St_Lucia',5),(2861,662,'Micoud','America/St_Lucia',4),(2862,662,'Soufrière','America/St_Lucia',3),(2863,662,'Vieux-Fort','America/St_Lucia',2),(2864,662,'Praslin','America/St_Lucia',1),(2865,666,'Saint-Pierre-et-Miquelon','America/Miquelon',1),(2866,670,'Charlotte','America/St_Vincent',6),(2867,670,'Saint Andrew','America/St_Vincent',5),(2868,670,'Saint David','America/St_Vincent',4),(2869,670,'Saint George','America/St_Vincent',3),(2870,670,'Saint Patrick','America/St_Vincent',2),(2871,670,'Grenadines','America/St_Vincent',1),(2872,674,'Acquaviva','Europe/San_Marino',9),(2873,674,'Chiesanuova','Europe/San_Marino',8),(2874,674,'Domagnano','Europe/San_Marino',7),(2875,674,'Faetano','Europe/San_Marino',6),(2876,674,'Fiorentino','Europe/San_Marino',5),(2877,674,'Borgo Maggiore','Europe/San_Marino',4),(2878,674,'San Marino','Europe/San_Marino',3),(2879,674,'Montegiardino','Europe/San_Marino',2),(2880,674,'Serravalle','Europe/San_Marino',1),(2881,678,'Príncipe','Africa/Sao_Tome',3),(2882,678,'Príncipe','Africa/Sao_Tome',2),(2883,678,'São Tomé','Africa/Sao_Tome',1),(2884,682,'Al Bāḩah','Asia/Riyadh',13),(2885,682,'Al Madīnah','Asia/Riyadh',12),(2886,682,'Ash Sharqīyah','Asia/Riyadh',11),(2887,682,'Al Qaşīm','Asia/Riyadh',10),(2888,682,'Ar Riyāḑ','Asia/Riyadh',9),(2889,682,'‘Asīr','Asia/Riyadh',8),(2890,682,'Ḩāʼil','Asia/Riyadh',7),(2891,682,'Makkah','Asia/Riyadh',6),(2892,682,'Northern Borders Region','Asia/Riyadh',5),(2893,682,'Najrān','Asia/Riyadh',4),(2894,682,'Jīzān','Asia/Riyadh',3),(2895,682,'Tabūk','Asia/Riyadh',2),(2896,682,'Al Jawf','Asia/Riyadh',1),(2897,686,'Dakar','Africa/Dakar',13),(2898,686,'Diourbel','Africa/Dakar',12),(2899,686,'Saint-Louis','Africa/Dakar',11),(2900,686,'Tambacounda','Africa/Dakar',10),(2901,686,'Thiès','Africa/Dakar',9),(2902,686,'Louga','Africa/Dakar',8),(2903,686,'Fatick','Africa/Dakar',7),(2904,686,'Kaolack','Africa/Dakar',6),(2905,686,'Kolda Region','Africa/Dakar',5),(2906,686,'Ziguinchor','Africa/Dakar',4),(2907,686,'Louga','Africa/Dakar',3),(2908,686,'Saint-Louis','Africa/Dakar',2),(2909,686,'Matam','Africa/Dakar',1),(2910,688,'Autonomna Pokrajina Vojvodina','Europe/Belgrade',1),(2911,690,'Anse aux Pins','Indian/Mahe',43),(2912,690,'Anse Boileau','Indian/Mahe',42),(2913,690,'Anse Etoile','Indian/Mahe',41),(2914,690,'Anse Louis','Indian/Mahe',40),(2915,690,'Anse Royale','Indian/Mahe',39),(2916,690,'Baie Lazare','Indian/Mahe',38),(2917,690,'Baie Sainte Anne','Indian/Mahe',37),(2918,690,'Beau Vallon','Indian/Mahe',36),(2919,690,'Bel Air','Indian/Mahe',35),(2920,690,'Bel Ombre','Indian/Mahe',34),(2921,690,'Cascade','Indian/Mahe',33),(2922,690,'Glacis','Indian/Mahe',32),(2923,690,'Saint Thomas Middle Island Parish','Indian/Mahe',31),(2924,690,'Grand Anse Praslin','Indian/Mahe',30),(2925,690,'Trinity Palmetto Point Parish','Indian/Mahe',29),(2926,690,'La Riviere Anglaise','Indian/Mahe',28),(2927,690,'Mont Buxton','Indian/Mahe',27),(2928,690,'Mont Fleuri','Indian/Mahe',26),(2929,690,'Plaisance','Indian/Mahe',25),(2930,690,'Pointe Larue','Indian/Mahe',24),(2931,690,'Port Glaud','Indian/Mahe',23),(2932,690,'Saint Louis','Indian/Mahe',22),(2933,690,'Takamaka','Indian/Mahe',21),(2934,690,'Anse aux Pins','Indian/Mahe',20),(2935,690,'Inner Islands','Indian/Mahe',19),(2936,690,'English River','Indian/Mahe',18),(2937,690,'Port Glaud','Indian/Mahe',17),(2938,690,'Baie Lazare','Indian/Mahe',16),(2939,690,'Beau Vallon','Indian/Mahe',15),(2940,690,'Bel Ombre','Indian/Mahe',14),(2941,690,'Glacis','Indian/Mahe',13),(2942,690,'Grand Anse Mahe','Indian/Mahe',12),(2943,690,'Grand Anse Praslin','Indian/Mahe',11),(2944,690,'Inner Islands','Indian/Mahe',10),(2945,690,'English River','Indian/Mahe',9),(2946,690,'Mont Fleuri','Indian/Mahe',8),(2947,690,'Plaisance','Indian/Mahe',7),(2948,690,'Pointe Larue','Indian/Mahe',6),(2949,690,'Port Glaud','Indian/Mahe',5),(2950,690,'Takamaka','Indian/Mahe',4),(2951,690,'Au Cap','Indian/Mahe',3),(2952,690,'Les Mamelles','Indian/Mahe',2),(2953,690,'Roche Caiman','Indian/Mahe',1),(2954,694,'Eastern Province','Africa/Freetown',4),(2955,694,'Northern Province','Africa/Freetown',3),(2956,694,'Southern Province','Africa/Freetown',2),(2957,694,'Western Area','Africa/Freetown',1),(2958,702,'Singapore','Asia/Singapore',1),(2959,703,'Banskobystrický','Europe/Bratislava',8),(2960,703,'Bratislavský','Europe/Bratislava',7),(2961,703,'Košický','Europe/Bratislava',6),(2962,703,'Nitriansky','Europe/Bratislava',5),(2963,703,'Prešovský','Europe/Bratislava',4),(2964,703,'Trenčiansky','Europe/Bratislava',3),(2965,703,'Trnavský','Europe/Bratislava',2),(2966,703,'Žilinský','Europe/Bratislava',1),(2967,704,'An Giang','Asia/Ho_Chi_Minh',79),(2968,704,'Bắc Thái Tỉnh','Asia/Ho_Chi_Minh',78),(2969,704,'Bến Tre','Asia/Ho_Chi_Minh',77),(2970,704,'Cao Bang','Asia/Ho_Chi_Minh',76),(2971,704,'Cao Bằng','Asia/Ho_Chi_Minh',75),(2972,704,'Ten Bai','Asia/Ho_Chi_Minh',74),(2973,704,'Ðồng Tháp','Asia/Ho_Chi_Minh',73),(2974,704,'Hà Bắc Tỉnh','Asia/Ho_Chi_Minh',72),(2975,704,'Hải Hưng Tỉnh','Asia/Ho_Chi_Minh',71),(2976,704,'Hải Phòng','Asia/Ho_Chi_Minh',70),(2977,704,'Hoa Binh','Asia/Ho_Chi_Minh',69),(2978,704,'Ha Tay','Asia/Ho_Chi_Minh',68),(2979,704,'Hồ Chí Minh','Asia/Ho_Chi_Minh',67),(2980,704,'Kiến Giang','Asia/Ho_Chi_Minh',66),(2981,704,'Lâm Ðồng','Asia/Ho_Chi_Minh',65),(2982,704,'Long An','Asia/Ho_Chi_Minh',64),(2983,704,'Minh Hải Tỉnh','Asia/Ho_Chi_Minh',63),(2984,704,'Thua Thien-Hue','Asia/Ho_Chi_Minh',62),(2985,704,'Quang Nam','Asia/Ho_Chi_Minh',61),(2986,704,'Kon Tum','Asia/Ho_Chi_Minh',60),(2987,704,'Quảng Nam-Ðà Nẵng Tỉnh','Asia/Ho_Chi_Minh',59),(2988,704,'Quảng Ninh','Asia/Ho_Chi_Minh',58),(2989,704,'Sông Bé Tỉnh','Asia/Ho_Chi_Minh',57),(2990,704,'Sơn La','Asia/Ho_Chi_Minh',56),(2991,704,'Tây Ninh','Asia/Ho_Chi_Minh',55),(2992,704,'Thanh Hóa','Asia/Ho_Chi_Minh',54),(2993,704,'Thái Bình','Asia/Ho_Chi_Minh',53),(2994,704,'Nin Thuan','Asia/Ho_Chi_Minh',52),(2995,704,'Tiền Giang','Asia/Ho_Chi_Minh',51),(2996,704,'Vinh Phú Tỉnh','Asia/Ho_Chi_Minh',50),(2997,704,'Lạng Sơn','Asia/Ho_Chi_Minh',49),(2998,704,'Binh Thuan','Asia/Ho_Chi_Minh',48),(2999,704,'Long An','Asia/Ho_Chi_Minh',47),(3000,704,'Ðồng Nai','Asia/Ho_Chi_Minh',46),(3001,704,'Ha Nội','Asia/Ho_Chi_Minh',45),(3002,704,'Bà Rịa-Vũng Tàu','Asia/Ho_Chi_Minh',44),(3003,704,'Bình Ðịnh','Asia/Ho_Chi_Minh',43),(3004,704,'Bình Thuận','Asia/Ho_Chi_Minh',42),(3005,704,'Gia Lai','Asia/Ho_Chi_Minh',41),(3006,704,'Hà Giang','Asia/Ho_Chi_Minh',40),(3007,704,'Hà Tây','Asia/Ho_Chi_Minh',39),(3008,704,'Hà Tĩnh','Asia/Ho_Chi_Minh',38),(3009,704,'Hòa Bình','Asia/Ho_Chi_Minh',37),(3010,704,'Khánh Hòa','Asia/Ho_Chi_Minh',36),(3011,704,'Kon Tum','Asia/Ho_Chi_Minh',35),(3012,704,'Nam Hà Tỉnh','Asia/Ho_Chi_Minh',34),(3013,704,'Nghệ An','Asia/Ho_Chi_Minh',33),(3014,704,'Ninh Bình','Asia/Ho_Chi_Minh',32),(3015,704,'Ninh Thuận','Asia/Ho_Chi_Minh',31),(3016,704,'Phú Yên','Asia/Ho_Chi_Minh',30),(3017,704,'Quảng Bình','Asia/Ho_Chi_Minh',29),(3018,704,'Quảng Ngãi','Asia/Ho_Chi_Minh',28),(3019,704,'Quảng Trị','Asia/Ho_Chi_Minh',27),(3020,704,'Sóc Trăng','Asia/Ho_Chi_Minh',26),(3021,704,'Thừa Thiên-Huế','Asia/Ho_Chi_Minh',25),(3022,704,'Trà Vinh','Asia/Ho_Chi_Minh',24),(3023,704,'Tuyên Quang','Asia/Ho_Chi_Minh',23),(3024,704,'Vĩnh Long','Asia/Ho_Chi_Minh',22),(3025,704,'Yên Bái','Asia/Ho_Chi_Minh',21),(3026,704,'Bắc Giang','Asia/Ho_Chi_Minh',20),(3027,704,'Bắc Kạn','Asia/Ho_Chi_Minh',19),(3028,704,'Bạc Liêu','Asia/Ho_Chi_Minh',18),(3029,704,'Bắc Ninh','Asia/Ho_Chi_Minh',17),(3030,704,'Bình Dương','Asia/Ho_Chi_Minh',16),(3031,704,'Bình Phước','Asia/Ho_Chi_Minh',15),(3032,704,'Cà Mau','Asia/Ho_Chi_Minh',14),(3033,704,'Ðà Nẵng','Asia/Ho_Chi_Minh',13),(3034,704,'Hải Dương','Asia/Ho_Chi_Minh',12),(3035,704,'Hà Nam','Asia/Ho_Chi_Minh',11),(3036,704,'Hưng Yên','Asia/Ho_Chi_Minh',10),(3037,704,'Nam Ðịnh','Asia/Ho_Chi_Minh',9),(3038,704,'Phú Thọ','Asia/Ho_Chi_Minh',8),(3039,704,'Quảng Nam','Asia/Ho_Chi_Minh',7),(3040,704,'Thái Nguyên','Asia/Ho_Chi_Minh',6),(3041,704,'Vĩnh Phúc','Asia/Ho_Chi_Minh',5),(3042,704,'Cần Thơ','Asia/Ho_Chi_Minh',4),(3043,704,'Ðắc Lắk','Asia/Ho_Chi_Minh',3),(3044,704,'Lai Châu','Asia/Ho_Chi_Minh',2),(3045,704,'Lào Cai','Asia/Ho_Chi_Minh',1),(3046,705,'Notranjska','Europe/Ljubljana',7),(3047,705,'Koroška','Europe/Ljubljana',6),(3048,705,'Štajerska','Europe/Ljubljana',5),(3049,705,'Prekmurje','Europe/Ljubljana',4),(3050,705,'Primorska','Europe/Ljubljana',3),(3051,705,'Gorenjska','Europe/Ljubljana',2),(3052,705,'Dolenjska','Europe/Ljubljana',1),(3053,706,'Bakool','Africa/Mogadishu',18),(3054,706,'Banaadir','Africa/Mogadishu',17),(3055,706,'Bari','Africa/Mogadishu',16),(3056,706,'Bay','Africa/Mogadishu',15),(3057,706,'Galguduud','Africa/Mogadishu',14),(3058,706,'Gedo','Africa/Mogadishu',13),(3059,706,'Hiiraan','Africa/Mogadishu',12),(3060,706,'Middle Juba','Africa/Mogadishu',11),(3061,706,'Lower Juba','Africa/Mogadishu',10),(3062,706,'Mudug','Africa/Mogadishu',9),(3063,706,'Sanaag','Africa/Mogadishu',8),(3064,706,'Middle Shabele','Africa/Mogadishu',7),(3065,706,'Shabeellaha Hoose','Africa/Mogadishu',6),(3066,706,'Nugaal','Africa/Mogadishu',5),(3067,706,'Togdheer','Africa/Mogadishu',4),(3068,706,'Woqooyi Galbeed','Africa/Mogadishu',3),(3069,706,'Awdal','Africa/Mogadishu',2),(3070,706,'Sool','Africa/Mogadishu',1),(3071,710,'KwaZulu-Natal','Africa/Johannesburg',9),(3072,710,'Free State','Africa/Johannesburg',8),(3073,710,'Eastern Cape','Africa/Johannesburg',7),(3074,710,'Gauteng','Africa/Johannesburg',6),(3075,710,'Mpumalanga','Africa/Johannesburg',5),(3076,710,'Northern Cape','Africa/Johannesburg',4),(3077,710,'Limpopo','Africa/Johannesburg',3),(3078,710,'North-West','Africa/Johannesburg',2),(3079,710,'Western Cape','Africa/Johannesburg',1),(3080,716,'Manicaland','Africa/Harare',10),(3081,716,'Midlands','Africa/Harare',9),(3082,716,'Mashonaland Central','Africa/Harare',8),(3083,716,'Mashonaland East','Africa/Harare',7),(3084,716,'Mashonaland West','Africa/Harare',6),(3085,716,'Matabeleland North','Africa/Harare',5),(3086,716,'Matabeleland South','Africa/Harare',4),(3087,716,'Masvingo','Africa/Harare',3),(3088,716,'Bulawayo','Africa/Harare',2),(3089,716,'Harare','Africa/Harare',1),(3090,724,'Ceuta','Africa/Ceuta',18),(3091,724,'Balearic Islands','Europe/Madrid',17),(3092,724,'La Rioja','Europe/Madrid',16),(3093,724,'Autonomous Region of Madrid','Europe/Madrid',15),(3094,724,'Murcia','Europe/Madrid',14),(3095,724,'Navarre','Europe/Madrid',13),(3096,724,'Asturias','Europe/Madrid',12),(3097,724,'Cantabria','Europe/Madrid',11),(3098,724,'Andalusia','Europe/Madrid',10),(3099,724,'Aragon','Europe/Madrid',9),(3100,724,'Canary Islands','Atlantic/Canary',8),(3101,724,'Castille-La Mancha','Europe/Madrid',7),(3102,724,'Castille and León','Europe/Madrid',6),(3103,724,'Catalonia','Europe/Madrid',5),(3104,724,'Extremadura','Europe/Madrid',4),(3105,724,'Galicia','Europe/Madrid',3),(3106,724,'Basque Country','Europe/Madrid',2),(3107,724,'Valencia','Europe/Madrid',1),(3108,732,'Western Sahara','Africa/El_Aaiun',1),(3109,736,'Al Wilāyah al Wusţá','Africa/Khartoum',33),(3110,736,'Al Wilāyah al Istiwāʼīyah','Africa/Khartoum',32),(3111,736,'Khartoum','Africa/Khartoum',31),(3112,736,'Ash Shamaliyah','Africa/Khartoum',30),(3113,736,'Al Wilāyah ash Sharqīyah','Africa/Khartoum',29),(3114,736,'Ba?r al Ghazal Wilayat','Africa/Khartoum',28),(3115,736,'Darfur Wilayat','Africa/Khartoum',27),(3116,736,'Kurdufan Wilayat','Africa/Khartoum',26),(3117,736,'Upper Nile','Africa/Khartoum',25),(3118,736,'Red Sea','Africa/Khartoum',24),(3119,736,'Lakes','Africa/Khartoum',23),(3120,736,'Al Jazirah','Africa/Khartoum',22),(3121,736,'Al Qadarif','Africa/Khartoum',21),(3122,736,'Unity','Africa/Khartoum',20),(3123,736,'White Nile','Africa/Khartoum',19),(3124,736,'Blue Nile','Africa/Khartoum',18),(3125,736,'Northern','Africa/Khartoum',17),(3126,736,'Central Equatoria','Africa/Khartoum',16),(3127,736,'Gharb al Istiwāʼīyah','Africa/Khartoum',15),(3128,736,'Western Bahr al Ghazal','Africa/Khartoum',14),(3129,736,'Gharb Dārfūr','Africa/Khartoum',13),(3130,736,'Gharb Kurdufān','Africa/Khartoum',12),(3131,736,'Janūb Dārfūr','Africa/Khartoum',11),(3132,736,'Janūb Kurdufān','Africa/Khartoum',10),(3133,736,'Junqalī','Africa/Khartoum',9),(3134,736,'Kassalā','Africa/Khartoum',8),(3135,736,'Nahr an Nīl','Africa/Khartoum',7),(3136,736,'Shamāl Baḩr al Ghazāl','Africa/Khartoum',6),(3137,736,'Shamāl Dārfūr','Africa/Khartoum',5),(3138,736,'Shamāl Kurdufān','Africa/Khartoum',4),(3139,736,'Eastern Equatoria','Africa/Khartoum',3),(3140,736,'Sinnār','Africa/Khartoum',2),(3141,736,'Warab','Africa/Khartoum',1),(3142,740,'Brokopondo','America/Paramaribo',10),(3143,740,'Commewijne','America/Paramaribo',9),(3144,740,'Coronie','America/Paramaribo',8),(3145,740,'Marowijne','America/Paramaribo',7),(3146,740,'Nickerie','America/Paramaribo',6),(3147,740,'Para','America/Paramaribo',5),(3148,740,'Paramaribo','America/Paramaribo',4),(3149,740,'Saramacca','America/Paramaribo',3),(3150,740,'Sipaliwini','America/Paramaribo',2),(3151,740,'Wanica','America/Paramaribo',1),(3152,748,'Hhohho','Africa/Mbabane',4),(3153,748,'Lubombo','Africa/Mbabane',3),(3154,748,'Manzini','Africa/Mbabane',2),(3155,748,'Shiselweni','Africa/Mbabane',1),(3156,752,'Blekinge','Europe/Stockholm',21),(3157,752,'Gävleborg','Europe/Stockholm',20),(3158,752,'Gotland','Europe/Stockholm',19),(3159,752,'Halland','Europe/Stockholm',18),(3160,752,'Jämtland','Europe/Stockholm',17),(3161,752,'Jönköping','Europe/Stockholm',16),(3162,752,'Kalmar','Europe/Stockholm',15),(3163,752,'Dalarna','Europe/Stockholm',14),(3164,752,'Kronoberg','Europe/Stockholm',13),(3165,752,'Norrbotten','Europe/Stockholm',12),(3166,752,'Örebro','Europe/Stockholm',11),(3167,752,'Östergötland','Europe/Stockholm',10),(3168,752,'Södermanland','Europe/Stockholm',9),(3169,752,'Uppsala','Europe/Stockholm',8),(3170,752,'Värmland','Europe/Stockholm',7),(3171,752,'Västerbotten','Europe/Stockholm',6),(3172,752,'Västernorrland','Europe/Stockholm',5),(3173,752,'Västmanland','Europe/Stockholm',4),(3174,752,'Stockholm','Europe/Stockholm',3),(3175,752,'Skåne','Europe/Stockholm',2),(3176,752,'Västra Götaland','Europe/Stockholm',1),(3177,756,'Aargau','Europe/Zurich',26),(3178,756,'Appenzell Innerrhoden','Europe/Zurich',25),(3179,756,'Appenzell Ausserrhoden','Europe/Zurich',24),(3180,756,'Bern','Europe/Zurich',23),(3181,756,'Basel-Landschaft','Europe/Zurich',22),(3182,756,'Kanton Basel-Stadt','Europe/Zurich',21),(3183,756,'Fribourg','Europe/Zurich',20),(3184,756,'Genève','Europe/Zurich',19),(3185,756,'Glarus','Europe/Zurich',18),(3186,756,'Graubünden','Europe/Zurich',17),(3187,756,'Jura','Europe/Zurich',16),(3188,756,'Luzern','Europe/Zurich',15),(3189,756,'Neuchâtel','Europe/Zurich',14),(3190,756,'Nidwalden','Europe/Zurich',13),(3191,756,'Obwalden','Europe/Zurich',12),(3192,756,'Kanton St. Gallen','Europe/Zurich',11),(3193,756,'Schaffhausen','Europe/Zurich',10),(3194,756,'Solothurn','Europe/Zurich',9),(3195,756,'Schwyz','Europe/Zurich',8),(3196,756,'Thurgau','Europe/Zurich',7),(3197,756,'Ticino','Europe/Zurich',6),(3198,756,'Uri','Europe/Zurich',5),(3199,756,'Vaud','Europe/Zurich',4),(3200,756,'Valais','Europe/Zurich',3),(3201,756,'Zug','Europe/Zurich',2),(3202,756,'Zürich','Europe/Zurich',1),(3203,760,'Al-Hasakah','Asia/Damascus',14),(3204,760,'Latakia','Asia/Damascus',13),(3205,760,'Quneitra','Asia/Damascus',12),(3206,760,'Ar-Raqqah','Asia/Damascus',11),(3207,760,'As-Suwayda','Asia/Damascus',10),(3208,760,'Daraa','Asia/Damascus',9),(3209,760,'Deir ez-Zor','Asia/Damascus',8),(3210,760,'Rif-dimashq','Asia/Damascus',7),(3211,760,'Aleppo','Asia/Damascus',6),(3212,760,'Hama Governorate','Asia/Damascus',5),(3213,760,'Homs','Asia/Damascus',4),(3214,760,'Idlib','Asia/Damascus',3),(3215,760,'Damascus City','Asia/Damascus',2),(3216,760,'Tartus','Asia/Damascus',1),(3217,762,'Gorno-Badakhshan','Asia/Dushanbe',5),(3218,762,'Khatlon','Asia/Dushanbe',4),(3219,762,'Sughd','Asia/Dushanbe',3),(3220,762,'Dushanbe','Asia/Dushanbe',2),(3221,762,'Region of Republican Subordination','Asia/Dushanbe',1),(3222,764,'Mae Hong Son','Asia/Bangkok',77),(3223,764,'Chiang Mai','Asia/Bangkok',76),(3224,764,'Chiang Rai','Asia/Bangkok',75),(3225,764,'Nan','Asia/Bangkok',74),(3226,764,'Lamphun','Asia/Bangkok',73),(3227,764,'Lampang','Asia/Bangkok',72),(3228,764,'Phrae','Asia/Bangkok',71),(3229,764,'Tak','Asia/Bangkok',70),(3230,764,'Sukhothai','Asia/Bangkok',69),(3231,764,'Uttaradit','Asia/Bangkok',68),(3232,764,'Kamphaeng Phet','Asia/Bangkok',67),(3233,764,'Phitsanulok','Asia/Bangkok',66),(3234,764,'Phichit','Asia/Bangkok',65),(3235,764,'Phetchabun','Asia/Bangkok',64),(3236,764,'Uthai Thani','Asia/Bangkok',63),(3237,764,'Nakhon Sawan','Asia/Bangkok',62),(3238,764,'Nong Khai','Asia/Bangkok',61),(3239,764,'Loei','Asia/Bangkok',60),(3240,764,'Sakon Nakhon','Asia/Bangkok',59),(3241,764,'Nakhon Phanom','Asia/Bangkok',58),(3242,764,'Khon Kaen','Asia/Bangkok',57),(3243,764,'Kalasin','Asia/Bangkok',56),(3244,764,'Maha Sarakham','Asia/Bangkok',55),(3245,764,'Roi Et','Asia/Bangkok',54),(3246,764,'Chaiyaphum','Asia/Bangkok',53),(3247,764,'Nakhon Ratchasima','Asia/Bangkok',52),(3248,764,'Buriram','Asia/Bangkok',51),(3249,764,'Surin','Asia/Bangkok',50),(3250,764,'Sisaket','Asia/Bangkok',49),(3251,764,'Narathiwat','Asia/Bangkok',48),(3252,764,'Chai Nat','Asia/Bangkok',47),(3253,764,'Sing Buri','Asia/Bangkok',46),(3254,764,'Lop Buri','Asia/Bangkok',45),(3255,764,'Ang Thong','Asia/Bangkok',44),(3256,764,'Phra Nakhon Si Ayutthaya','Asia/Bangkok',43),(3257,764,'Sara Buri','Asia/Bangkok',42),(3258,764,'Nonthaburi','Asia/Bangkok',41),(3259,764,'Pathum Thani','Asia/Bangkok',40),(3260,764,'Bangkok','Asia/Bangkok',39),(3261,764,'Phayao','Asia/Bangkok',38),(3262,764,'Samut Prakan','Asia/Bangkok',37),(3263,764,'Nakhon Nayok','Asia/Bangkok',36),(3264,764,'Chachoengsao','Asia/Bangkok',35),(3265,764,'Chon Buri','Asia/Bangkok',34),(3266,764,'Rayong','Asia/Bangkok',33),(3267,764,'Chanthaburi','Asia/Bangkok',32),(3268,764,'Trat','Asia/Bangkok',31),(3269,764,'Kanchanaburi','Asia/Bangkok',30),(3270,764,'Suphan Buri','Asia/Bangkok',29),(3271,764,'Ratchaburi','Asia/Bangkok',28),(3272,764,'Nakhon Pathom','Asia/Bangkok',27),(3273,764,'Samut Songkhram','Asia/Bangkok',26),(3274,764,'Samut Sakhon','Asia/Bangkok',25),(3275,764,'Phetchaburi','Asia/Bangkok',24),(3276,764,'Prachuap Khiri Khan','Asia/Bangkok',23),(3277,764,'Chumphon','Asia/Bangkok',22),(3278,764,'Ranong','Asia/Bangkok',21),(3279,764,'Surat Thani','Asia/Bangkok',20),(3280,764,'Phangnga','Asia/Bangkok',19),(3281,764,'Phuket','Asia/Bangkok',18),(3282,764,'Krabi','Asia/Bangkok',17),(3283,764,'Nakhon Si Thammarat','Asia/Bangkok',16),(3284,764,'Trang','Asia/Bangkok',15),(3285,764,'Phatthalung','Asia/Bangkok',14),(3286,764,'Satun','Asia/Bangkok',13),(3287,764,'Songkhla','Asia/Bangkok',12),(3288,764,'Pattani','Asia/Bangkok',11),(3289,764,'Yala','Asia/Bangkok',10),(3290,764,'Yasothon','Asia/Bangkok',9),(3291,764,'Nakhon Phanom','Asia/Bangkok',8),(3292,764,'Prachin Buri','Asia/Bangkok',7),(3293,764,'Ubon Ratchathani','Asia/Bangkok',6),(3294,764,'Udon Thani','Asia/Bangkok',5),(3295,764,'Amnat Charoen','Asia/Bangkok',4),(3296,764,'Mukdahan','Asia/Bangkok',3),(3297,764,'Nong Bua Lamphu','Asia/Bangkok',2),(3298,764,'Sa Kaeo','Asia/Bangkok',1),(3299,768,'Amlame','Africa/Lome',26),(3300,768,'Aneho','Africa/Lome',25),(3301,768,'Atakpame','Africa/Lome',24),(3302,768,'Bafilo','Africa/Lome',23),(3303,768,'Bassar','Africa/Lome',22),(3304,768,'Dapaong','Africa/Lome',21),(3305,768,'Kante','Africa/Lome',20),(3306,768,'Klouto','Africa/Lome',19),(3307,768,'Lama-Kara','Africa/Lome',18),(3308,768,'Lome','Africa/Lome',17),(3309,768,'Mango','Africa/Lome',16),(3310,768,'Niamtougou','Africa/Lome',15),(3311,768,'Notse','Africa/Lome',14),(3312,768,'Kpagouda','Africa/Lome',13),(3313,768,'Badou','Africa/Lome',12),(3314,768,'Sotouboua','Africa/Lome',11),(3315,768,'Tabligbo','Africa/Lome',10),(3316,768,'Tsevie','Africa/Lome',9),(3317,768,'Tchamba','Africa/Lome',8),(3318,768,'Tchaoudjo','Africa/Lome',7),(3319,768,'Vogan','Africa/Lome',6),(3320,768,'Centrale','Africa/Lome',5),(3321,768,'Kara','Africa/Lome',4),(3322,768,'Maritime','Africa/Lome',3),(3323,768,'Plateaux','Africa/Lome',2),(3324,768,'Savanes','Africa/Lome',1),(3325,772,'Tokelau','Pacific/Fakaofo',1),(3326,776,'Ha‘apai','Pacific/Tongatapu',3),(3327,776,'Tongatapu','Pacific/Tongatapu',2),(3328,776,'Vava‘u','Pacific/Tongatapu',1),(3329,780,'Port of Spain','America/Port_of_Spain',14),(3330,780,'San Fernando','America/Port_of_Spain',13),(3331,780,'Chaguanas','America/Port_of_Spain',12),(3332,780,'Arima','America/Port_of_Spain',11),(3333,780,'Point Fortin Borough','America/Port_of_Spain',10),(3334,780,'Couva-Tabaquite-Talparo','America/Port_of_Spain',9),(3335,780,'Diego Martin','America/Port_of_Spain',8),(3336,780,'Penal-Debe','America/Port_of_Spain',7),(3337,780,'Princes Town','America/Port_of_Spain',6),(3338,780,'Rio Claro-Mayaro','America/Port_of_Spain',5),(3339,780,'San Juan-Laventille','America/Port_of_Spain',4),(3340,780,'Sangre Grande','America/Port_of_Spain',3),(3341,780,'Siparia','America/Port_of_Spain',2),(3342,780,'Tunapuna-Piarco','America/Port_of_Spain',1),(3343,784,'Abū Z̧aby','Asia/Dubai',7),(3344,784,'Ajman','Asia/Dubai',6),(3345,784,'Dubayy','Asia/Dubai',5),(3346,784,'Al Fujayrah','Asia/Dubai',4),(3347,784,'Raʼs al Khaymah','Asia/Dubai',3),(3348,784,'Ash Shāriqah','Asia/Dubai',2),(3349,784,'Umm al Qaywayn','Asia/Dubai',1),(3350,788,'Tunis al Janubiyah Wilayat','Africa/Tunis',25),(3351,788,'Al Qaşrayn','Africa/Tunis',24),(3352,788,'Al Qayrawān','Africa/Tunis',23),(3353,788,'Jundūbah','Africa/Tunis',22),(3354,788,'Kef','Africa/Tunis',21),(3355,788,'Al Mahdīyah','Africa/Tunis',20),(3356,788,'Al Munastīr','Africa/Tunis',19),(3357,788,'Bājah','Africa/Tunis',18),(3358,788,'Banzart','Africa/Tunis',17),(3359,788,'Nābul','Africa/Tunis',16),(3360,788,'Silyānah','Africa/Tunis',15),(3361,788,'Sūsah','Africa/Tunis',14),(3362,788,'Bin ‘Arūs','Africa/Tunis',13),(3363,788,'Madanīn','Africa/Tunis',12),(3364,788,'Qābis','Africa/Tunis',11),(3365,788,'Qafşah','Africa/Tunis',10),(3366,788,'Qibilī','Africa/Tunis',9),(3367,788,'Şafāqis','Africa/Tunis',8),(3368,788,'Sīdī Bū Zayd','Africa/Tunis',7),(3369,788,'Taţāwīn','Africa/Tunis',6),(3370,788,'Tawzar','Africa/Tunis',5),(3371,788,'Tūnis','Africa/Tunis',4),(3372,788,'Zaghwān','Africa/Tunis',3),(3373,788,'Ariana','Africa/Tunis',2),(3374,788,'Manouba','Africa/Tunis',1),(3375,792,'Adıyaman','Europe/Istanbul',81),(3376,792,'Afyonkarahisar','Europe/Istanbul',80),(3377,792,'Ağrı Province','Europe/Istanbul',79),(3378,792,'Amasya Province','Europe/Istanbul',78),(3379,792,'Antalya Province','Europe/Istanbul',77),(3380,792,'Artvin Province','Europe/Istanbul',76),(3381,792,'Aydın Province','Europe/Istanbul',75),(3382,792,'Balıkesir Province','Europe/Istanbul',74),(3383,792,'Bilecik Province','Europe/Istanbul',73),(3384,792,'Bingöl Province','Europe/Istanbul',72),(3385,792,'Bitlis Province','Europe/Istanbul',71),(3386,792,'Bolu Province','Europe/Istanbul',70),(3387,792,'Burdur Province','Europe/Istanbul',69),(3388,792,'Bursa','Europe/Istanbul',68),(3389,792,'Çanakkale Province','Europe/Istanbul',67),(3390,792,'Çorum Province','Europe/Istanbul',66),(3391,792,'Denizli Province','Europe/Istanbul',65),(3392,792,'Diyarbakır','Europe/Istanbul',64),(3393,792,'Edirne Province','Europe/Istanbul',63),(3394,792,'Elazığ','Europe/Istanbul',62),(3395,792,'Erzincan Province','Europe/Istanbul',61),(3396,792,'Erzurum Province','Europe/Istanbul',60),(3397,792,'Eskişehir Province','Europe/Istanbul',59),(3398,792,'Giresun Province','Europe/Istanbul',58),(3399,792,'Hatay Province','Europe/Istanbul',57),(3400,792,'Mersin Province','Europe/Istanbul',56),(3401,792,'Isparta Province','Europe/Istanbul',55),(3402,792,'Istanbul','Europe/Istanbul',54),(3403,792,'İzmir','Europe/Istanbul',53),(3404,792,'Kastamonu Province','Europe/Istanbul',52),(3405,792,'Kayseri Province','Europe/Istanbul',51),(3406,792,'Kırklareli Province','Europe/Istanbul',50),(3407,792,'Kırşehir Province','Europe/Istanbul',49),(3408,792,'Kocaeli Province','Europe/Istanbul',48),(3409,792,'Kütahya Province','Europe/Istanbul',47),(3410,792,'Malatya Province','Europe/Istanbul',46),(3411,792,'Manisa Province','Europe/Istanbul',45),(3412,792,'Kahramanmaraş Province','Europe/Istanbul',44),(3413,792,'Muğla Province','Europe/Istanbul',43),(3414,792,'Muş Province','Europe/Istanbul',42),(3415,792,'Nevşehir','Europe/Istanbul',41),(3416,792,'Ordu','Europe/Istanbul',40),(3417,792,'Rize','Europe/Istanbul',39),(3418,792,'Sakarya Province','Europe/Istanbul',38),(3419,792,'Samsun Province','Europe/Istanbul',37),(3420,792,'Sinop Province','Europe/Istanbul',36),(3421,792,'Sivas Province','Europe/Istanbul',35),(3422,792,'Tekirdağ Province','Europe/Istanbul',34),(3423,792,'Tokat','Europe/Istanbul',33),(3424,792,'Trabzon Province','Europe/Istanbul',32),(3425,792,'Tunceli Province','Europe/Istanbul',31),(3426,792,'Şanlıurfa Province','Europe/Istanbul',30),(3427,792,'Uşak Province','Europe/Istanbul',29),(3428,792,'Van Province','Europe/Istanbul',28),(3429,792,'Yozgat Province','Europe/Istanbul',27),(3430,792,'Ankara Province','Europe/Istanbul',26),(3431,792,'Gümüşhane','Europe/Istanbul',25),(3432,792,'Hakkâri Province','Europe/Istanbul',24),(3433,792,'Konya Province','Europe/Istanbul',23),(3434,792,'Mardin Province','Europe/Istanbul',22),(3435,792,'Niğde','Europe/Istanbul',21),(3436,792,'Siirt Province','Europe/Istanbul',20),(3437,792,'Aksaray Province','Europe/Istanbul',19),(3438,792,'Batman Province','Europe/Istanbul',18),(3439,792,'Bayburt','Europe/Istanbul',17),(3440,792,'Karaman Province','Europe/Istanbul',16),(3441,792,'Kırıkkale Province','Europe/Istanbul',15),(3442,792,'Şırnak Province','Europe/Istanbul',14),(3443,792,'Adana Province','Europe/Istanbul',13),(3444,792,'Çankırı Province','Europe/Istanbul',12),(3445,792,'Gaziantep Province','Europe/Istanbul',11),(3446,792,'Kars','Europe/Istanbul',10),(3447,792,'Zonguldak','Europe/Istanbul',9),(3448,792,'Ardahan Province','Europe/Istanbul',8),(3449,792,'Bartın Province','Europe/Istanbul',7),(3450,792,'Iğdır Province','Europe/Istanbul',6),(3451,792,'Karabük','Europe/Istanbul',5),(3452,792,'Kilis Province','Europe/Istanbul',4),(3453,792,'Osmaniye Province','Europe/Istanbul',3),(3454,792,'Yalova Province','Europe/Istanbul',2),(3455,792,'Düzce','Europe/Istanbul',1),(3456,795,'Ahal','Asia/Ashgabat',5),(3457,795,'Balkan','Asia/Ashgabat',4),(3458,795,'Daşoguz','Asia/Ashgabat',3),(3459,795,'Lebap','Asia/Ashgabat',2),(3460,795,'Mary','Asia/Ashgabat',1),(3461,796,'Turks and Caicos Islands','America/Grand_Turk',1),(3462,798,'Tuvalu','Pacific/Funafuti',1),(3463,800,'Eastern Region','Africa/Kampala',4),(3464,800,'Northern Region','Africa/Kampala',3),(3465,800,'Central Region','Africa/Kampala',2),(3466,800,'Western Region','Africa/Kampala',1),(3467,804,'Cherkasʼka Oblastʼ','Europe/Kiev',27),(3468,804,'Chernihivsʼka Oblastʼ','Europe/Kiev',26),(3469,804,'Chernivetsʼka Oblastʼ','Europe/Kiev',25),(3470,804,'Dnipropetrovsʼka Oblastʼ','Europe/Kiev',24),(3471,804,'Donetsʼka Oblastʼ','Europe/Kiev',23),(3472,804,'Ivano-Frankivsʼka Oblastʼ','Europe/Kiev',22),(3473,804,'Kharkivsʼka Oblastʼ','Europe/Kiev',21),(3474,804,'Kherson Oblast','Europe/Kiev',20),(3475,804,'Khmelʼnytsʼka Oblastʼ','Europe/Kiev',19),(3476,804,'Kirovohradsʼka Oblastʼ','Europe/Kiev',18),(3477,804,'Avtonomna Respublika Krym','Europe/Kiev',17),(3478,804,'Misto Kyyiv','Europe/Kiev',16),(3479,804,'Kiev Oblast','Europe/Kiev',15),(3480,804,'Luhansʼka Oblastʼ','Europe/Kiev',14),(3481,804,'Lʼvivsʼka Oblastʼ','Europe/Kiev',13),(3482,804,'Mykolayivsʼka Oblastʼ','Europe/Kiev',12),(3483,804,'Odessa Oblast','Europe/Kiev',11),(3484,804,'Poltava Oblast','Europe/Kiev',10),(3485,804,'Rivnensʼka Oblastʼ','Europe/Kiev',9),(3486,804,'Misto Sevastopol','Europe/Kiev',8),(3487,804,'Sumy Oblast','Europe/Kiev',7),(3488,804,'Ternopilʼsʼka Oblastʼ','Europe/Kiev',6),(3489,804,'Vinnytsʼka Oblastʼ','Europe/Kiev',5),(3490,804,'Volynsʼka Oblastʼ','Europe/Kiev',4),(3491,804,'Zakarpatsʼka Oblastʼ','Europe/Kiev',3),(3492,804,'Zaporizʼka Oblastʼ','Europe/Kiev',2),(3493,804,'Zhytomyrsʼka Oblastʼ','Europe/Kiev',1),(3494,807,'Macedonia, The Former Yugoslav Republic of','Europe/Skopje',124),(3495,807,'Aračinovo','Europe/Skopje',123),(3496,807,'Bač','Europe/Skopje',122),(3497,807,'Belčišta','Europe/Skopje',121),(3498,807,'Berovo','Europe/Skopje',120),(3499,807,'Bistrica','Europe/Skopje',119),(3500,807,'Bitola','Europe/Skopje',118),(3501,807,'Blatec','Europe/Skopje',117),(3502,807,'Bogdanci','Europe/Skopje',116),(3503,807,'Opstina Bogomila','Europe/Skopje',115),(3504,807,'Bogovinje','Europe/Skopje',114),(3505,807,'Bosilovo','Europe/Skopje',113),(3506,807,'Brvenica','Europe/Skopje',112),(3507,807,'Čair','Europe/Skopje',111),(3508,807,'Capari','Europe/Skopje',110),(3509,807,'Čaška','Europe/Skopje',109),(3510,807,'Čegrana','Europe/Skopje',108),(3511,807,'Centar','Europe/Skopje',107),(3512,807,'Centar Župa','Europe/Skopje',106),(3513,807,'Češinovo','Europe/Skopje',105),(3514,807,'Čučer-Sandevo','Europe/Skopje',104),(3515,807,'Debar','Europe/Skopje',103),(3516,807,'Delčevo','Europe/Skopje',102),(3517,807,'Delogoždi','Europe/Skopje',101),(3518,807,'Demir Hisar','Europe/Skopje',100),(3519,807,'Demir Kapija','Europe/Skopje',99),(3520,807,'Dobruševo','Europe/Skopje',98),(3521,807,'Dolna Banjica','Europe/Skopje',97),(3522,807,'Dolneni','Europe/Skopje',96),(3523,807,'Opstina Gjorce Petrov','Europe/Skopje',95),(3524,807,'Drugovo','Europe/Skopje',94),(3525,807,'Džepčište','Europe/Skopje',93),(3526,807,'Gazi Baba','Europe/Skopje',92),(3527,807,'Gevgelija','Europe/Skopje',91),(3528,807,'Gostivar','Europe/Skopje',90),(3529,807,'Gradsko','Europe/Skopje',89),(3530,807,'Ilinden','Europe/Skopje',88),(3531,807,'Izvor','Europe/Skopje',87),(3532,807,'Jegunovce','Europe/Skopje',86),(3533,807,'Kamenjane','Europe/Skopje',85),(3534,807,'Karbinci','Europe/Skopje',84),(3535,807,'Karpoš','Europe/Skopje',83),(3536,807,'Kavadarci','Europe/Skopje',82),(3537,807,'Kičevo','Europe/Skopje',81),(3538,807,'Kisela Voda','Europe/Skopje',80),(3539,807,'Klečevce','Europe/Skopje',79),(3540,807,'Kočani','Europe/Skopje',78),(3541,807,'Konče','Europe/Skopje',77),(3542,807,'Kondovo','Europe/Skopje',76),(3543,807,'Konopište','Europe/Skopje',75),(3544,807,'Kosel','Europe/Skopje',74),(3545,807,'Kratovo','Europe/Skopje',73),(3546,807,'Kriva Palanka','Europe/Skopje',72),(3547,807,'Krivogaštani','Europe/Skopje',71),(3548,807,'Kruševo','Europe/Skopje',70),(3549,807,'Kukliš','Europe/Skopje',69),(3550,807,'Kukurečani','Europe/Skopje',68),(3551,807,'Kumanovo','Europe/Skopje',67),(3552,807,'Labuništa','Europe/Skopje',66),(3553,807,'Opstina Lipkovo','Europe/Skopje',65),(3554,807,'Lozovo','Europe/Skopje',64),(3555,807,'Lukovo','Europe/Skopje',63),(3556,807,'Makedonska Kamenica','Europe/Skopje',62),(3557,807,'Makedonski Brod','Europe/Skopje',61),(3558,807,'Mavrovi Anovi','Europe/Skopje',60),(3559,807,'Mešeišta','Europe/Skopje',59),(3560,807,'Miravci','Europe/Skopje',58),(3561,807,'Mogila','Europe/Skopje',57),(3562,807,'Murtino','Europe/Skopje',56),(3563,807,'Negotino','Europe/Skopje',55),(3564,807,'Negotino-Pološko','Europe/Skopje',54),(3565,807,'Novaci','Europe/Skopje',53),(3566,807,'Novo Selo','Europe/Skopje',52),(3567,807,'Obleševo','Europe/Skopje',51),(3568,807,'Ohrid','Europe/Skopje',50),(3569,807,'Orašac','Europe/Skopje',49),(3570,807,'Orizari','Europe/Skopje',48),(3571,807,'Oslomej','Europe/Skopje',47),(3572,807,'Pehčevo','Europe/Skopje',46),(3573,807,'Petrovec','Europe/Skopje',45),(3574,807,'Plasnica','Europe/Skopje',44),(3575,807,'Podareš','Europe/Skopje',43),(3576,807,'Prilep','Europe/Skopje',42),(3577,807,'Probištip','Europe/Skopje',41),(3578,807,'Radoviš','Europe/Skopje',40),(3579,807,'Opstina Rankovce','Europe/Skopje',39),(3580,807,'Resen','Europe/Skopje',38),(3581,807,'Rosoman','Europe/Skopje',37),(3582,807,'Opština Rostuša','Europe/Skopje',36),(3583,807,'Samokov','Europe/Skopje',35),(3584,807,'Saraj','Europe/Skopje',34),(3585,807,'Šipkovica','Europe/Skopje',33),(3586,807,'Sopište','Europe/Skopje',32),(3587,807,'Sopotnica','Europe/Skopje',31),(3588,807,'Srbinovo','Europe/Skopje',30),(3589,807,'Staravina','Europe/Skopje',29),(3590,807,'Star Dojran','Europe/Skopje',28),(3591,807,'Staro Nagoričane','Europe/Skopje',27),(3592,807,'Štip','Europe/Skopje',26),(3593,807,'Struga','Europe/Skopje',25),(3594,807,'Strumica','Europe/Skopje',24),(3595,807,'Studeničani','Europe/Skopje',23),(3596,807,'Šuto Orizari','Europe/Skopje',22),(3597,807,'Sveti Nikole','Europe/Skopje',21),(3598,807,'Tearce','Europe/Skopje',20),(3599,807,'Tetovo','Europe/Skopje',19),(3600,807,'Topolčani','Europe/Skopje',18),(3601,807,'Valandovo','Europe/Skopje',17),(3602,807,'Vasilevo','Europe/Skopje',16),(3603,807,'Veles','Europe/Skopje',15),(3604,807,'Velešta','Europe/Skopje',14),(3605,807,'Vevčani','Europe/Skopje',13),(3606,807,'Vinica','Europe/Skopje',12),(3607,807,'Vitolište','Europe/Skopje',11),(3608,807,'Vraneštica','Europe/Skopje',10),(3609,807,'Vrapčište','Europe/Skopje',9),(3610,807,'Vratnica','Europe/Skopje',8),(3611,807,'Vrutok','Europe/Skopje',7),(3612,807,'Zajas','Europe/Skopje',6),(3613,807,'Zelenikovo','Europe/Skopje',5),(3614,807,'Želino','Europe/Skopje',4),(3615,807,'Žitoše','Europe/Skopje',3),(3616,807,'Zletovo','Europe/Skopje',2),(3617,807,'Zrnovci','Europe/Skopje',1),(3618,818,'Ad Daqahlīyah','Africa/Cairo',29),(3619,818,'Al Baḩr al Aḩmar','Africa/Cairo',28),(3620,818,'Al Buḩayrah','Africa/Cairo',27),(3621,818,'Al Fayyūm','Africa/Cairo',26),(3622,818,'Al Gharbīyah','Africa/Cairo',25),(3623,818,'Alexandria','Africa/Cairo',24),(3624,818,'Al Ismā‘īlīyah','Africa/Cairo',23),(3625,818,'Al Jīzah','Africa/Cairo',22),(3626,818,'Al Minūfīyah','Africa/Cairo',21),(3627,818,'Al Minyā','Africa/Cairo',20),(3628,818,'Al Qāhirah','Africa/Cairo',19),(3629,818,'Al Qalyūbīyah','Africa/Cairo',18),(3630,818,'Al Wādī al Jadīd','Africa/Cairo',17),(3631,818,'Eastern Province','Africa/Cairo',16),(3632,818,'As Suways','Africa/Cairo',15),(3633,818,'Aswān','Africa/Cairo',14),(3634,818,'Asyūţ','Africa/Cairo',13),(3635,818,'Banī Suwayf','Africa/Cairo',12),(3636,818,'Būr Sa‘īd','Africa/Cairo',11),(3637,818,'Dumyāţ','Africa/Cairo',10),(3638,818,'Kafr ash Shaykh','Africa/Cairo',9),(3639,818,'Maţrūḩ','Africa/Cairo',8),(3640,818,'Qinā','Africa/Cairo',7),(3641,818,'Sūhāj','Africa/Cairo',6),(3642,818,'Janūb Sīnāʼ','Africa/Cairo',5),(3643,818,'Shamāl Sīnāʼ','Africa/Cairo',4),(3644,818,'Luxor','Africa/Cairo',3),(3645,818,'Helwan','Africa/Cairo',2),(3646,818,'6th of October','Africa/Cairo',1),(3647,826,'England','Europe/London',4),(3648,826,'Northern Ireland','Europe/London',3),(3649,826,'Scotland','Europe/London',2),(3650,826,'Wales','Europe/London',1),(3651,831,'Guernsey','Europe/Guernsey',1),(3652,833,'Isle of Man','Europe/Isle_of_Man',1),(3653,834,'Arusha','Africa/Dar_es_Salaam',27),(3654,834,'Pwani','Africa/Dar_es_Salaam',26),(3655,834,'Dodoma','Africa/Dar_es_Salaam',25),(3656,834,'Iringa','Africa/Dar_es_Salaam',24),(3657,834,'Kigoma','Africa/Dar_es_Salaam',23),(3658,834,'Kilimanjaro','Africa/Dar_es_Salaam',22),(3659,834,'Lindi','Africa/Dar_es_Salaam',21),(3660,834,'Mara','Africa/Dar_es_Salaam',20),(3661,834,'Mbeya','Africa/Dar_es_Salaam',19),(3662,834,'Morogoro','Africa/Dar_es_Salaam',18),(3663,834,'Mtwara','Africa/Dar_es_Salaam',17),(3664,834,'Mwanza','Africa/Dar_es_Salaam',16),(3665,834,'Pemba North','Africa/Dar_es_Salaam',15),(3666,834,'Ruvuma','Africa/Dar_es_Salaam',14),(3667,834,'Shinyanga','Africa/Dar_es_Salaam',13),(3668,834,'Singida','Africa/Dar_es_Salaam',12),(3669,834,'Tabora','Africa/Dar_es_Salaam',11),(3670,834,'Tanga','Africa/Dar_es_Salaam',10),(3671,834,'Kagera','Africa/Dar_es_Salaam',9),(3672,834,'Pemba South','Africa/Dar_es_Salaam',8),(3673,834,'Zanzibar Central/South','Africa/Dar_es_Salaam',7),(3674,834,'Zanzibar North','Africa/Dar_es_Salaam',6),(3675,834,'Dar es Salaam','Africa/Dar_es_Salaam',5),(3676,834,'Rukwa','Africa/Dar_es_Salaam',4),(3677,834,'Zanzibar Urban/West','Africa/Dar_es_Salaam',3),(3678,834,'Arusha','Africa/Dar_es_Salaam',2),(3679,834,'Manyara','Africa/Dar_es_Salaam',1),(3680,840,'Alaska','America/Anchorage',51),(3681,840,'Alabama','America/Chicago',50),(3682,840,'Arkansas','America/Chicago',49),(3683,840,'Arizona','America/Phoenix',48),(3684,840,'California','America/Los_Angeles',47),(3685,840,'Colorado','America/Denver',46),(3686,840,'Connecticut','America/New_York',45),(3687,840,'District of Columbia','America/New_York',44),(3688,840,'Delaware','America/New_York',43),(3689,840,'Florida','America/New_York',42),(3690,840,'Georgia','America/New_York',41),(3691,840,'Hawaii','Pacific/Honolulu',40),(3692,840,'Iowa','America/Chicago',39),(3693,840,'Idaho','America/Denver',38),(3694,840,'Illinois','America/Chicago',37),(3695,840,'Indiana','America/New_York',36),(3696,840,'Kansas','America/Chicago',35),(3697,840,'Kentucky','America/New_York',34),(3698,840,'Louisiana','America/Chicago',33),(3699,840,'Massachusetts','America/New_York',32),(3700,840,'Maryland','America/New_York',31),(3701,840,'Maine','America/New_York',30),(3702,840,'Michigan','America/New_York',29),(3703,840,'Minnesota','America/Chicago',28),(3704,840,'Missouri','America/Chicago',27),(3705,840,'Mississippi','America/Chicago',26),(3706,840,'Montana','America/Denver',25),(3707,840,'North Carolina','America/New_York',24),(3708,840,'North Dakota','America/Chicago',23),(3709,840,'Nebraska','America/Chicago',22),(3710,840,'New Hampshire','America/New_York',21),(3711,840,'New Jersey','America/New_York',20),(3712,840,'New Mexico','America/Denver',19),(3713,840,'Nevada','America/Los_Angeles',18),(3714,840,'New York','America/New_York',1000),(3715,840,'Ohio','America/New_York',16),(3716,840,'Oklahoma','America/Chicago',15),(3717,840,'Oregon','America/Los_Angeles',14),(3718,840,'Pennsylvania','America/New_York',13),(3719,840,'Rhode Island','America/New_York',12),(3720,840,'South Carolina','America/New_York',11),(3721,840,'South Dakota','America/Chicago',10),(3722,840,'Tennessee','America/Chicago',9),(3723,840,'Texas','America/Chicago',8),(3724,840,'Utah','America/Denver',7),(3725,840,'Virginia','America/New_York',6),(3726,840,'Vermont','America/New_York',5),(3727,840,'Washington','America/Los_Angeles',4),(3728,840,'Wisconsin','America/Chicago',3),(3729,840,'West Virginia','America/New_York',2),(3730,840,'Wyoming','America/Denver',1),(3731,850,'Virgin Islands','America/St_Thomas',1),(3732,854,'Boucle du Mouhoun','Africa/Ouagadougou',13),(3733,854,'Cascades','Africa/Ouagadougou',12),(3734,854,'Centre','Africa/Ouagadougou',11),(3735,854,'Centre-Est','Africa/Ouagadougou',10),(3736,854,'Centre-Nord','Africa/Ouagadougou',9),(3737,854,'Centre-Ouest','Africa/Ouagadougou',8),(3738,854,'Centre-Sud','Africa/Ouagadougou',7),(3739,854,'Est','Africa/Ouagadougou',6),(3740,854,'Hauts-Bassins','Africa/Ouagadougou',5),(3741,854,'Nord','Africa/Ouagadougou',4),(3742,854,'Plateau-Central','Africa/Ouagadougou',3),(3743,854,'Sahel','Africa/Ouagadougou',2),(3744,854,'Sud-Ouest','Africa/Ouagadougou',1),(3745,855,'Komuna e Deçanit','Europe/Belgrade',30),(3746,855,'Komuna e Dragashit','Europe/Belgrade',29),(3747,855,'Komuna e Ferizajt','Europe/Belgrade',28),(3748,855,'Komuna e Fushë Kosovës','Europe/Belgrade',27),(3749,855,'Komuna e Gjakovës','Europe/Belgrade',26),(3750,855,'Komuna e Gjilanit','Europe/Belgrade',25),(3751,855,'Komuna e Drenasit','Europe/Belgrade',24),(3752,855,'Komuna e Istogut','Europe/Belgrade',23),(3753,855,'Komuna e Kaçanikut','Europe/Belgrade',22),(3754,855,'Komuna e Kamenicës','Europe/Belgrade',21),(3755,855,'Komuna e Klinës','Europe/Belgrade',20),(3756,855,'Komuna e Leposaviqit','Europe/Belgrade',19),(3757,855,'Komuna e Lipjanit','Europe/Belgrade',18),(3758,855,'Komuna e Malisheves','Europe/Belgrade',17),(3759,855,'Komuna e Mitrovicës','Europe/Belgrade',16),(3760,855,'Komuna e Novobërdës','Europe/Belgrade',15),(3761,855,'Komuna e Obiliqit','Europe/Belgrade',14),(3762,855,'Komuna e Pejës','Europe/Belgrade',13),(3763,855,'Komuna e Podujevës','Europe/Belgrade',12),(3764,855,'Komuna e Prishtinës','Europe/Belgrade',11),(3765,855,'Komuna e Prizrenit','Europe/Belgrade',10),(3766,855,'Komuna e Rahovecit','Europe/Belgrade',9),(3767,855,'Komuna e Shtërpcës','Europe/Belgrade',8),(3768,855,'Komuna e Shtimes','Europe/Belgrade',7),(3769,855,'Komuna e Skenderajt','Europe/Belgrade',6),(3770,855,'Komuna e Thërandës','Europe/Belgrade',5),(3771,855,'Komuna e Vitisë','Europe/Belgrade',4),(3772,855,'Komuna e Vushtrrisë','Europe/Belgrade',3),(3773,855,'Komuna e Zubin Potokut','Europe/Belgrade',2),(3774,855,'Komuna e Zveçanit','Europe/Belgrade',1),(3775,858,'Artigas Department','America/Montevideo',19),(3776,858,'Canelones Department','America/Montevideo',18),(3777,858,'Cerro Largo Department','America/Montevideo',17),(3778,858,'Colonia Department','America/Montevideo',16),(3779,858,'Durazno','America/Montevideo',15),(3780,858,'Flores','America/Montevideo',14),(3781,858,'Florida Department','America/Montevideo',13),(3782,858,'Lavalleja Department','America/Montevideo',12),(3783,858,'Maldonado Department','America/Montevideo',11),(3784,858,'Montevideo','America/Montevideo',10),(3785,858,'Paysandú','America/Montevideo',9),(3786,858,'Río Negro','America/Montevideo',8),(3787,858,'Rivera','America/Montevideo',7),(3788,858,'Rocha','America/Montevideo',6),(3789,858,'Salto','America/Montevideo',5),(3790,858,'San José','America/Montevideo',4),(3791,858,'Soriano Department','America/Montevideo',3),(3792,858,'Tacuarembó','America/Montevideo',2),(3793,858,'Treinta y Tres','America/Montevideo',1),(3794,860,'Andijon','Asia/Samarkand',14),(3795,860,'Buxoro','Asia/Samarkand',13),(3796,860,'Farg ona','Asia/Samarkand',12),(3797,860,'Xorazm','Asia/Samarkand',11),(3798,860,'Namangan','Asia/Samarkand',10),(3799,860,'Navoiy','Asia/Samarkand',9),(3800,860,'Qashqadaryo','Asia/Samarkand',8),(3801,860,'Karakalpakstan','Asia/Samarkand',7),(3802,860,'Samarqand','Asia/Samarkand',6),(3803,860,'Surxondaryo','Asia/Samarkand',5),(3804,860,'Toshkent Shahri','Asia/Samarkand',4),(3805,860,'Toshkent','Asia/Samarkand',3),(3806,860,'Jizzax','Asia/Samarkand',2),(3807,860,'Sirdaryo','Asia/Samarkand',1),(3808,862,'Amazonas','America/Caracas',26),(3809,862,'Anzoátegui','America/Caracas',25),(3810,862,'Apure','America/Caracas',24),(3811,862,'Aragua','America/Caracas',23),(3812,862,'Barinas','America/Caracas',22),(3813,862,'Bolívar','America/Caracas',21),(3814,862,'Carabobo','America/Caracas',20),(3815,862,'Cojedes','America/Caracas',19),(3816,862,'Delta Amacuro','America/Caracas',18),(3817,862,'Distrito Federal','America/Caracas',17),(3818,862,'Falcón','America/Caracas',16),(3819,862,'Guárico','America/Caracas',15),(3820,862,'Lara','America/Caracas',14),(3821,862,'Mérida','America/Caracas',13),(3822,862,'Miranda','America/Caracas',12),(3823,862,'Monagas','America/Caracas',11),(3824,862,'Isla Margarita','America/Caracas',10),(3825,862,'Portuguesa','America/Caracas',9),(3826,862,'Sucre','America/Caracas',8),(3827,862,'Táchira','America/Caracas',7),(3828,862,'Trujillo','America/Caracas',6),(3829,862,'Yaracuy','America/Caracas',5),(3830,862,'Zulia','America/Caracas',4),(3831,862,'Dependencias Federales','America/Caracas',3),(3832,862,'Distrito Capital','America/Caracas',2),(3833,862,'Vargas','America/Caracas',1),(3834,882,'A‘ana','Pacific/Apia',11),(3835,882,'Aiga-i-le-Tai','Pacific/Apia',10),(3836,882,'Atua','Pacific/Apia',9),(3837,882,'Fa‘asaleleaga','Pacific/Apia',8),(3838,882,'Gaga‘emauga','Pacific/Apia',7),(3839,882,'Va‘a-o-Fonoti','Pacific/Apia',6),(3840,882,'Gagaifomauga','Pacific/Apia',5),(3841,882,'Palauli','Pacific/Apia',4),(3842,882,'Satupa‘itea','Pacific/Apia',3),(3843,882,'Tuamasaga','Pacific/Apia',2),(3844,882,'Vaisigano','Pacific/Apia',1),(3845,887,'Abyan','Asia/Aden',24),(3846,887,'‘Adan','Asia/Aden',23),(3847,887,'Al Mahrah','Asia/Aden',22),(3848,887,'Ḩaḑramawt','Asia/Aden',21),(3849,887,'Shabwah','Asia/Aden',20),(3850,887,'San’a’','Asia/Aden',19),(3851,887,'Ta’izz','Asia/Aden',18),(3852,887,'Al Ḩudaydah','Asia/Aden',17),(3853,887,'Dhamar','Asia/Aden',16),(3854,887,'Al Maḩwīt','Asia/Aden',15),(3855,887,'Dhamār','Asia/Aden',14),(3856,887,'Maʼrib','Asia/Aden',13),(3857,887,'Şa‘dah','Asia/Aden',12),(3858,887,'Şan‘āʼ','Asia/Aden',11),(3859,887,'Aḑ Ḑāli‘','Asia/Aden',10),(3860,887,'Omran','Asia/Aden',9),(3861,887,'Al Bayḑāʼ','Asia/Aden',8),(3862,887,'Al Jawf','Asia/Aden',7),(3863,887,'Ḩajjah','Asia/Aden',6),(3864,887,'Ibb','Asia/Aden',5),(3865,887,'Laḩij','Asia/Aden',4),(3866,887,'Ta‘izz','Asia/Aden',3),(3867,887,'Amanat Al Asimah','Asia/Aden',2),(3868,887,'Muḩāfaz̧at Raymah','Asia/Aden',1),(3869,891,'Crna Gora (Montenegro)','Europe/Podgorica',2),(3870,891,'Srbija (Serbia)','Europe/Podgorica',1),(3871,894,'North-Western','Africa/Lusaka',9),(3872,894,'Copperbelt','Africa/Lusaka',8),(3873,894,'Western','Africa/Lusaka',7),(3874,894,'Southern','Africa/Lusaka',6),(3875,894,'Central','Africa/Lusaka',5),(3876,894,'Eastern','Africa/Lusaka',4),(3877,894,'Northern','Africa/Lusaka',3),(3878,894,'Luapula','Africa/Lusaka',2),(3879,894,'Lusaka','Africa/Lusaka',1),(10000,1000,'Other','',NULL);
/*!40000 ALTER TABLE `state` ENABLE KEYS */;
UNLOCK TABLES;

--
-- Table structure for table `thread`
--

DROP TABLE IF EXISTS `thread`;
/*!40101 SET @saved_cs_client     = @@character_set_client */;
/*!40101 SET character_set_client = utf8 */;
CREATE TABLE `thread` (
  `id` int(11) NOT NULL AUTO_INCREMENT,
  `subject` varchar(255) COLLATE utf8_unicode_ci NOT NULL,
  `createdAt` datetime NOT NULL,
  `isSpam` tinyint(1) NOT NULL,
  `createdBy_id` bigint(20) DEFAULT NULL,
  PRIMARY KEY (`id`),
  KEY `IDX_31204C833174800F` (`createdBy_id`),
  CONSTRAINT `FK_31204C833174800F` FOREIGN KEY (`createdBy_id`) REFERENCES `user` (`id`)
) ENGINE=InnoDB AUTO_INCREMENT=55 DEFAULT CHARSET=utf8 COLLATE=utf8_unicode_ci;
/*!40101 SET character_set_client = @saved_cs_client */;

--
-- Dumping data for table `thread`
--

LOCK TABLES `thread` WRITE;
/*!40000 ALTER TABLE `thread` DISABLE KEYS */;
INSERT INTO `thread` VALUES (22,'privet','2015-01-21 19:47:29',0,142),(23,'Hi','2015-01-31 03:24:19',0,146),(24,'Hi','2015-01-31 03:24:20',0,146),(25,'Hi','2015-02-06 05:30:56',0,147),(26,'hi there','2015-02-06 05:31:29',0,147),(27,'hi there','2015-02-22 04:23:58',0,146),(28,'Hi','2015-03-28 02:09:04',0,118),(29,'Hi','2015-03-28 02:09:06',0,118),(30,'hi there','2015-03-28 02:09:28',0,118),(31,'Hi','2015-04-19 00:19:12',0,142),(32,'hi there','2015-04-19 00:19:33',0,142),(33,'Hi','2015-07-15 13:27:21',0,166),(34,'Hi','2015-07-15 13:27:24',0,166),(35,'Hi','2015-07-15 13:27:26',0,166),(36,'Hi','2015-07-15 13:27:27',0,166),(37,'Hi','2015-07-15 13:27:29',0,166),(38,'Hi','2015-07-15 13:27:32',0,166),(39,'Hi','2015-07-15 13:27:33',0,166),(40,'Hi','2015-07-15 13:27:36',0,166),(41,'Hi','2015-07-15 13:27:37',0,166),(42,'Hi','2015-07-15 13:27:39',0,166),(43,'Hi','2015-07-15 13:27:41',0,166),(44,'Hi','2015-07-15 13:27:43',0,166),(45,'Hi','2015-07-15 13:27:45',0,166),(46,'Hi','2015-07-15 13:27:47',0,166),(47,'Hi','2015-07-15 13:27:49',0,166),(48,'Hi','2015-07-15 13:27:50',0,166),(49,'Hi','2015-07-15 13:27:52',0,166),(50,'Hi','2015-07-15 13:27:54',0,166),(51,'Hi','2015-07-15 13:34:36',0,166),(52,'Hi','2015-07-15 13:34:38',0,166),(54,'Hi','2015-07-15 13:49:52',0,168);
/*!40000 ALTER TABLE `thread` ENABLE KEYS */;
UNLOCK TABLES;

--
-- Table structure for table `thread_metadata`
--

DROP TABLE IF EXISTS `thread_metadata`;
/*!40101 SET @saved_cs_client     = @@character_set_client */;
/*!40101 SET character_set_client = utf8 */;
CREATE TABLE `thread_metadata` (
  `id` int(11) NOT NULL AUTO_INCREMENT,
  `thread_id` int(11) DEFAULT NULL,
  `participant_id` bigint(20) DEFAULT NULL,
  `is_deleted` tinyint(1) NOT NULL,
  `last_participant_message_date` datetime DEFAULT NULL,
  `last_message_date` datetime DEFAULT NULL,
  PRIMARY KEY (`id`),
  KEY `IDX_40A577C8E2904019` (`thread_id`),
  KEY `IDX_40A577C89D1C3019` (`participant_id`),
  CONSTRAINT `FK_40A577C89D1C3019` FOREIGN KEY (`participant_id`) REFERENCES `user` (`id`),
  CONSTRAINT `FK_40A577C8E2904019` FOREIGN KEY (`thread_id`) REFERENCES `thread` (`id`)
) ENGINE=InnoDB AUTO_INCREMENT=109 DEFAULT CHARSET=utf8 COLLATE=utf8_unicode_ci;
/*!40101 SET character_set_client = @saved_cs_client */;

--
-- Dumping data for table `thread_metadata`
--

LOCK TABLES `thread_metadata` WRITE;
/*!40000 ALTER TABLE `thread_metadata` DISABLE KEYS */;
INSERT INTO `thread_metadata` VALUES (44,22,142,0,'2015-01-21 19:47:29',NULL),(45,23,147,0,NULL,'2015-01-31 03:24:19'),(46,23,146,0,'2015-01-31 03:24:19',NULL),(47,24,147,0,NULL,'2015-01-31 03:24:20'),(48,24,146,0,'2015-01-31 03:24:20',NULL),(49,25,146,1,NULL,'2015-02-06 05:30:56'),(50,25,147,0,'2015-02-06 05:30:56',NULL),(51,26,146,0,'2015-03-21 21:49:01','2015-02-06 05:31:29'),(52,26,147,0,'2015-02-06 05:31:29','2015-03-21 21:49:01'),(54,27,146,0,'2015-02-22 04:23:58','2015-03-18 02:33:13'),(55,28,146,1,'2015-04-20 02:21:04','2015-04-03 13:21:10'),(56,28,118,0,'2015-04-03 13:21:10','2015-04-20 02:21:04'),(57,29,146,0,NULL,'2015-03-28 02:09:06'),(58,29,118,0,'2015-03-28 02:09:06',NULL),(59,30,146,0,NULL,'2015-03-28 02:09:28'),(60,30,118,0,'2015-03-28 02:09:28',NULL),(61,31,146,0,NULL,'2015-04-19 00:19:12'),(62,31,142,0,'2015-04-19 00:19:12',NULL),(63,32,146,0,'2015-04-20 02:21:36','2015-04-19 00:19:33'),(64,32,142,0,'2015-04-19 00:19:33','2015-04-20 02:21:36'),(65,33,146,0,NULL,'2015-07-15 13:27:21'),(66,33,166,0,'2015-07-15 13:27:21',NULL),(67,34,146,0,NULL,'2015-07-15 13:27:24'),(68,34,166,0,'2015-07-15 13:27:24',NULL),(69,35,146,0,NULL,'2015-07-15 13:27:26'),(70,35,166,0,'2015-07-15 13:27:26',NULL),(71,36,146,0,NULL,'2015-07-15 13:27:27'),(72,36,166,0,'2015-07-15 13:27:27',NULL),(73,37,146,0,NULL,'2015-07-15 13:27:29'),(74,37,166,0,'2015-07-15 13:27:29',NULL),(75,38,146,0,NULL,'2015-07-15 13:27:32'),(76,38,166,0,'2015-07-15 13:27:32',NULL),(77,39,146,0,NULL,'2015-07-15 13:27:33'),(78,39,166,0,'2015-07-15 13:27:33',NULL),(79,40,146,0,NULL,'2015-07-15 13:27:36'),(80,40,166,0,'2015-07-15 13:27:36',NULL),(81,41,146,0,NULL,'2015-07-15 13:27:37'),(82,41,166,0,'2015-07-15 13:27:37',NULL),(83,42,146,0,NULL,'2015-07-15 13:27:39'),(84,42,166,0,'2015-07-15 13:27:39',NULL),(85,43,146,0,NULL,'2015-07-15 13:27:41'),(86,43,166,0,'2015-07-15 13:27:41',NULL),(87,44,146,0,NULL,'2015-07-15 13:27:43'),(88,44,166,0,'2015-07-15 13:27:43',NULL),(89,45,146,0,NULL,'2015-07-15 13:27:45'),(90,45,166,0,'2015-07-15 13:27:45',NULL),(91,46,146,0,NULL,'2015-07-15 13:27:47'),(92,46,166,0,'2015-07-15 13:27:47',NULL),(93,47,146,0,NULL,'2015-07-15 13:27:49'),(94,47,166,0,'2015-07-15 13:27:49',NULL),(95,48,146,0,NULL,'2015-07-15 13:27:50'),(96,48,166,0,'2015-07-15 13:27:50',NULL),(97,49,146,0,NULL,'2015-07-15 13:27:52'),(98,49,166,0,'2015-07-15 13:27:52',NULL),(99,50,146,0,NULL,'2015-07-15 13:27:54'),(100,50,166,0,'2015-07-15 13:27:54',NULL),(101,51,147,0,NULL,'2015-07-15 13:34:36'),(102,51,166,0,'2015-07-15 13:34:36',NULL),(103,52,147,0,NULL,'2015-07-15 13:34:38'),(104,52,166,0,'2015-07-15 13:34:38',NULL),(107,54,167,0,'2015-07-15 13:50:13','2015-07-15 13:49:52'),(108,54,168,0,'2015-07-15 13:49:52','2015-07-15 13:50:13');
/*!40000 ALTER TABLE `thread_metadata` ENABLE KEYS */;
UNLOCK TABLES;

--
-- Table structure for table `user`
--

DROP TABLE IF EXISTS `user`;
/*!40101 SET @saved_cs_client     = @@character_set_client */;
/*!40101 SET character_set_client = utf8 */;
CREATE TABLE `user` (
  `id` bigint(20) NOT NULL AUTO_INCREMENT,
  `username` varchar(255) COLLATE utf8_unicode_ci NOT NULL,
  `username_canonical` varchar(255) COLLATE utf8_unicode_ci NOT NULL,
  `email` varchar(255) COLLATE utf8_unicode_ci NOT NULL,
  `email_canonical` varchar(255) COLLATE utf8_unicode_ci NOT NULL,
  `enabled` tinyint(1) NOT NULL,
  `salt` varchar(255) COLLATE utf8_unicode_ci NOT NULL,
  `password` varchar(255) COLLATE utf8_unicode_ci NOT NULL,
  `last_login` datetime DEFAULT NULL,
  `locked` tinyint(1) NOT NULL,
  `expired` tinyint(1) NOT NULL,
  `expires_at` datetime DEFAULT NULL,
  `confirmation_token` varchar(255) COLLATE utf8_unicode_ci DEFAULT NULL,
  `password_requested_at` datetime DEFAULT NULL,
  `roles` longtext COLLATE utf8_unicode_ci NOT NULL COMMENT '(DC2Type:array)',
  `credentials_expired` tinyint(1) NOT NULL,
  `credentials_expire_at` datetime DEFAULT NULL,
  `first_name` varchar(50) COLLATE utf8_unicode_ci DEFAULT NULL,
  `last_name` varchar(50) COLLATE utf8_unicode_ci DEFAULT NULL,
  `packet_plan` int(11) DEFAULT NULL,
  `packet_activated` datetime DEFAULT NULL,
  `packet_active` tinyint(1) DEFAULT NULL,
  `created_at` datetime NOT NULL,
  `updated_at` datetime NOT NULL,
  `deleted_at` datetime DEFAULT NULL,
  `hide` tinyint(1) NOT NULL,
  `admin` tinyint(1) NOT NULL,
  PRIMARY KEY (`id`),
  UNIQUE KEY `UNIQ_8D93D64992FC23A8` (`username_canonical`),
  UNIQUE KEY `UNIQ_8D93D649A0D96FBF` (`email_canonical`)
) ENGINE=InnoDB AUTO_INCREMENT=170 DEFAULT CHARSET=utf8 COLLATE=utf8_unicode_ci;
/*!40101 SET character_set_client = @saved_cs_client */;

--
-- Dumping data for table `user`
--

LOCK TABLES `user` WRITE;
/*!40000 ALTER TABLE `user` DISABLE KEYS */;
INSERT INTO `user` VALUES (118,'admin','admin','admin@gmail.com','admin@gmail.com',1,'dzbjdcwomzkgc4ckwkc4sg0s4ow0kco','LYWd45msh9HRVUwnkcQcRIpZUppCnAz1MKN//z8uExx8ZRbY5cts1U7pS9PSvgwMwJ0uAB117iQrtFWijldkRA==','2015-07-28 04:06:45',0,0,NULL,NULL,NULL,'a:2:{i:0;s:18:\"ROLE_VERIFIED_USER\";i:1;s:10:\"ROLE_ADMIN\";}',0,NULL,NULL,NULL,NULL,NULL,NULL,'2014-10-24 08:04:41','2015-07-28 04:06:45',NULL,0,1),(142,'lola','lola','knigi2005@yahoo.com','knigi2005@yahoo.com',1,'r9np1ltriv44w040go4040ssw404g08','52SzhT6i7n1Bj/sAX3hWRG/IkUjQsgiFQValgcBk2ZpGnD757imSyiW89jQ6YYFEIOP5x3gvZ1rDAX6bPCAlsA==','2015-04-19 00:18:37',0,0,NULL,NULL,NULL,'a:1:{i:0;s:18:\"ROLE_VERIFIED_USER\";}',0,NULL,NULL,NULL,NULL,NULL,NULL,'2015-01-16 04:24:14','2015-04-19 00:18:37',NULL,0,0),(146,'Lilia','lilia','katch_04@yahoo.com','katch_04@yahoo.com',1,'osv1upxmou84ok0k08ooko0sgs88cs','P1yrUdG8U+6ryCW2zF53gOTDI5bC9tQVlXrOxFmfueqbYN4nfsJZGWH77kPqSuwbACBT91NYq51/EmVZ1TBwug==','2015-07-15 15:45:15',0,0,NULL,NULL,NULL,'a:1:{i:0;s:18:\"ROLE_VERIFIED_USER\";}',0,NULL,NULL,NULL,NULL,NULL,NULL,'2015-01-23 04:37:11','2015-07-15 15:45:15',NULL,0,0),(147,'Seemcity','seemcity','seemcity@optonline.net','seemcity@optonline.net',1,'ye02a4pkb0gwwow4osswg48ws8cgc','zMdPmbl74OWiUAVILm7j4slwbVVK8wT6C3GPt8pOEOqCz4PVI5+76/Yf5FAS03kOU/U3RCUX8c3VZozX62sS9w==','2015-02-06 05:21:31',0,0,NULL,NULL,NULL,'a:1:{i:0;s:18:\"ROLE_VERIFIED_USER\";}',0,NULL,NULL,NULL,NULL,NULL,NULL,'2015-01-27 02:45:17','2015-02-06 05:21:31',NULL,0,0),(149,'Madmen','madmen','jayrandallsmith@gmail.com','jayrandallsmith@gmail.com',1,'buj2bkhxl94cw84ccck8coc40swg8o4','KGzpyZX3cD7iFCenjU3dw2F/BLwdaatt1ijreBJgwcwfn3FUCfTqCKBijfhx7k18asAEJJ2NLXoWPDU/V/KakA==','2015-07-15 19:56:35',0,0,NULL,NULL,NULL,'a:1:{i:0;s:18:\"ROLE_VERIFIED_USER\";}',0,NULL,NULL,NULL,NULL,NULL,NULL,'2015-02-11 04:14:51','2015-07-15 19:56:35',NULL,0,0),(151,'MayaV','mayav','maya.volik@mail.ru','maya.volik@mail.ru',1,'9axd70wundwk844c8cowss000kw4gkw','oTTdeSZEa63nLUSEpqCsnQjAzzuFndEuJDtuHEwxRLM8MFQJbdC7UeeY3pn+9Xo5/xcdIeCl3xuDfSPlTSd36A==','2015-02-15 16:07:17',0,0,NULL,NULL,NULL,'a:1:{i:0;s:18:\"ROLE_VERIFIED_USER\";}',0,NULL,NULL,NULL,NULL,NULL,NULL,'2015-02-15 15:33:24','2015-02-15 16:07:17',NULL,0,0),(152,'Chironyc','chironyc','justchirop@gmail.com','justchirop@gmail.com',1,'kvywz93y1o0sw8gw04ggk00goo4gsws','3bSf2jzhEVw7EUnCdEibLrvY3VFCJU503T/monhMu6VD/Asxx4TkzqOMQVTOpYf8wgbpftxoaRmGcY5uKPysfA==','2015-03-11 01:59:48',0,0,NULL,NULL,NULL,'a:1:{i:0;s:18:\"ROLE_VERIFIED_USER\";}',0,NULL,NULL,NULL,NULL,NULL,NULL,'2015-03-11 01:59:04','2015-03-11 01:59:48',NULL,0,0),(155,'music27','music27','ktchernychova@accioneast.org','ktchernychova@accioneast.org',1,'l1ne96igv74swwggo8c8w4osw4ssw84','L/V7wjmlD4WIlAc8iYZiV/y/n8NeTcnGX7T0ZXoUPB5mNiPOvAx2UuptOYwILWgu7jEM5AVke59CyAAJGgM/bQ==','2015-04-10 00:46:15',0,0,NULL,NULL,NULL,'a:1:{i:0;s:18:\"ROLE_VERIFIED_USER\";}',0,NULL,NULL,NULL,NULL,NULL,NULL,'2015-04-09 01:13:47','2015-04-10 00:46:15',NULL,0,0),(156,'anjorusso','anjorusso','vlad1000@gmail.com','vlad1000@gmail.com',1,'d8gtzgma7hcgcwcgkkogkw84ggswws0','cjc4ayBaesSLaWz+9//smnufYNQVYmHkcTDOlQy5KkNNxUrxr6sjcwtqS59bl8KLEujzIH/0lcntsFRCQxF+vg==','2015-04-24 19:28:51',0,0,NULL,NULL,NULL,'a:1:{i:0;s:18:\"ROLE_VERIFIED_USER\";}',0,NULL,NULL,NULL,NULL,NULL,NULL,'2015-04-09 01:50:18','2015-04-24 19:28:51',NULL,0,0),(157,'just man','just man','openminder45@gmail.com','openminder45@gmail.com',1,'qebstkv51tcssocco08owsg04040kck','GPdBC2YpCKYWqxGFn33l9eLd9naThGZPENdymBfiamVyQVB6my9QbDFlJdYNKQfFX51p16wSp4i8zjfkqL9HoQ==','2015-05-05 23:23:36',0,0,NULL,NULL,NULL,'a:1:{i:0;s:18:\"ROLE_VERIFIED_USER\";}',0,NULL,NULL,NULL,NULL,NULL,NULL,'2015-04-18 19:13:55','2015-05-05 23:23:36',NULL,0,0),(160,'michkh','michkh','michkh1@gmail.com','michkh1@gmail.com',1,'4f3mxbg40lk4ksc44gw8scoc0o0kg8o','ZoVbHK/9Hhw42ggJOKBKctOKTj/gP4ylYu64NBj0ERkh3rFwDJib3so1BkNvrdyPkSeJAZKadPLQ41JKxT22rg==','2015-07-09 18:26:41',0,0,NULL,NULL,NULL,'a:1:{i:0;s:18:\"ROLE_VERIFIED_USER\";}',0,NULL,NULL,NULL,NULL,NULL,NULL,'2015-06-04 13:29:26','2015-07-09 18:26:41',NULL,0,0),(161,'RomantikoNewYork','romantikonewyork','juancarlitos11@aol.com','juancarlitos11@aol.com',1,'4q8v7e71i1ick4gkso08wk0oggo84sg','/F1hrSIZ5NRNCKeQFYNxs7kP0/7Pn5m3KPouEuC5CKAXP30ddixID3gB+Z4EabMQHU58/KJ3c1f0e9u+zY9TkQ==','2015-06-06 15:17:02',0,0,NULL,NULL,NULL,'a:1:{i:0;s:18:\"ROLE_VERIFIED_USER\";}',0,NULL,NULL,NULL,NULL,NULL,NULL,'2015-06-05 23:05:26','2015-06-06 15:17:02',NULL,0,0),(162,'Anatoliy','anatoliy','info@tv503.com','info@tv503.com',1,'r84x0p2fkm8g8k4sk0o4ko0gg048084','VKH9xxAh3EcvgLwt3MWj8qDKPDZIAkkdKA/1xVbf+/TafKATNZJV8UDKDs0f6/GlLwsPgXLvfVvJUGZmujQdbg==','2015-06-30 22:47:28',0,0,NULL,NULL,NULL,'a:1:{i:0;s:18:\"ROLE_VERIFIED_USER\";}',0,NULL,NULL,NULL,NULL,NULL,NULL,'2015-06-29 23:24:32','2015-06-30 22:47:28',NULL,0,0),(163,'aa','aa','a@a.com','a@a.com',0,'jm7gt4n38i04skgwgo8wco0wws88wgg','qIcPsZ563tQjA4MhULdEt+vs5N/O/EtCTE1xln+pCKA4wGjEIEB8JDEZq122XkNuQg4DB0Gld0k1fPnd1PMGdg==',NULL,0,0,NULL,'pkp2HBTITyNifoQlZYoPNK8muki8fqULOEUzMGTFEDY',NULL,'a:1:{i:0;s:18:\"ROLE_VERIFIED_USER\";}',0,NULL,NULL,NULL,NULL,NULL,NULL,'2015-07-15 12:08:51','2015-07-15 12:08:51',NULL,0,0),(164,'sadfgsadfsdfgkjsakjdfgsadflsafdlkjsahdflkjghslkgflsglksdflkjhsadkjgfsagkjsadgfslghj','sadfgsadfsdfgkjsakjdfgsadflsafdlkjsahdflkjghslkgflsglksdflkjhsadkjgfsagkjsadgfslghj','av@mailinator.com','av@mailinator.com',1,'i2q1nyhlnpk4ook4g80okosokcowc00','pCS8dKvT/e/ZLT2U1RNuGMfcTW4xsDUvGkKMQRUJXzdgWvRBlrPwSNEWVcc8eBcTA5s6zMAwpRoGj/1sXCg+cA==','2015-07-15 13:38:24',0,0,NULL,NULL,NULL,'a:1:{i:0;s:18:\"ROLE_VERIFIED_USER\";}',0,NULL,NULL,NULL,NULL,NULL,NULL,'2015-07-15 12:10:34','2015-07-15 13:38:24',NULL,0,0),(165,'sonu','sonu','sonu@mailiantor.com','sonu@mailiantor.com',0,'nfoc72u19dco80s0k48c08wcg4wkk4k','TrTpi3gyp0wJUsxOb7RIfX9GvzlhYNdF/aTwyJBoeMJndZFl39vSIyFPzOflY6yRkCg+lrfcY6dvEUgn5EYc1Q==',NULL,0,0,NULL,'dgPBwvLp0ZbROJxMhqQD9ziecOX2D8MqJDQ5PZma8d8',NULL,'a:1:{i:0;s:18:\"ROLE_VERIFIED_USER\";}',0,NULL,NULL,NULL,NULL,NULL,NULL,'2015-07-15 12:59:49','2015-07-15 12:59:49',NULL,0,0),(166,'sonu1','sonu1','sonu@mailinator.com','sonu@mailinator.com',1,'jvpo4e00erk480cocg8c00k0s0ok4sc','0a0/MfLOmLSyxImxp4WW0/FEdJcvgpZZC5u7O5yu7BH9ejml7e8m3vds/DIlyTfEpxR28//CgTUxmYVpfX0hng==','2015-07-15 13:37:44',0,0,NULL,NULL,NULL,'a:1:{i:0;s:18:\"ROLE_VERIFIED_USER\";}',0,NULL,NULL,NULL,NULL,NULL,NULL,'2015-07-15 13:01:56','2015-07-15 13:37:44',NULL,1,0),(167,'ethan','ethan','ethan@mailinator.com','ethan@mailinator.com',1,'gxe7glg4my8so8co08g4kw0kw4c4gg0','4YHFkBmv8DXUYGxqbgytvvJjYv+d3RoUAzdJHtX3db+7efBE5JkrVb7kXmj5aKlMipgOqS7z+xYshGeYTEkitQ==','2015-07-15 13:43:52',0,0,NULL,NULL,NULL,'a:1:{i:0;s:18:\"ROLE_VERIFIED_USER\";}',0,NULL,NULL,NULL,NULL,NULL,NULL,'2015-07-15 13:43:28','2015-07-15 13:43:52',NULL,0,0),(168,'shopia','shopia','sh@mailinator.com','sh@mailinator.com',1,'qwd7a24b2dc4socsccs0c0w0g8o8kgw','uTbTsYwxWDKWRZ0Ae4GPwrqUJknckOEOkCOHwZ/VWiKuK4VLb3p2cYpMBurVp1q3StVaGVI0haCeJ9ZtffvrHg==','2015-07-15 13:49:22',0,0,NULL,NULL,NULL,'a:1:{i:0;s:18:\"ROLE_VERIFIED_USER\";}',0,NULL,NULL,NULL,NULL,NULL,NULL,'2015-07-15 13:49:00','2015-07-15 13:49:22',NULL,0,0),(169,'Acck','acck','moskva97@yahoo.com','moskva97@yahoo.com',1,'jdb51fh1s80gso8gwss8wkk4kkgk48g','W+YD3IWEJ5wJCHXb6+PiEctdqKb4mg+OW/SCZJcYQCK/zUCzY5hjtwkISS4Frxv1TgCD8FTSDGtjmf96/3wl0w==','2015-07-28 04:09:16',0,0,NULL,NULL,NULL,'a:1:{i:0;s:18:\"ROLE_VERIFIED_USER\";}',0,NULL,NULL,NULL,NULL,NULL,NULL,'2015-07-21 03:40:08','2015-07-28 04:09:16',NULL,0,0);
/*!40000 ALTER TABLE `user` ENABLE KEYS */;
UNLOCK TABLES;

--
-- Table structure for table `user_address`
--

DROP TABLE IF EXISTS `user_address`;
/*!40101 SET @saved_cs_client     = @@character_set_client */;
/*!40101 SET character_set_client = utf8 */;
CREATE TABLE `user_address` (
  `id` bigint(20) NOT NULL AUTO_INCREMENT,
  `user` bigint(20) DEFAULT NULL,
  `country` int(11) NOT NULL,
  `state` int(11) NOT NULL,
  `city` varchar(255) COLLATE utf8_unicode_ci NOT NULL,
  `street` varchar(255) COLLATE utf8_unicode_ci NOT NULL,
  `zip` varchar(50) COLLATE utf8_unicode_ci NOT NULL,
  PRIMARY KEY (`id`),
  KEY `IDX_5543718B8D93D649` (`user`),
  CONSTRAINT `FK_5543718B8D93D649` FOREIGN KEY (`user`) REFERENCES `user` (`id`)
) ENGINE=InnoDB DEFAULT CHARSET=utf8 COLLATE=utf8_unicode_ci;
/*!40101 SET character_set_client = @saved_cs_client */;

--
-- Dumping data for table `user_address`
--

LOCK TABLES `user_address` WRITE;
/*!40000 ALTER TABLE `user_address` DISABLE KEYS */;
/*!40000 ALTER TABLE `user_address` ENABLE KEYS */;
UNLOCK TABLES;

--
-- Table structure for table `user_body_type`
--

DROP TABLE IF EXISTS `user_body_type`;
/*!40101 SET @saved_cs_client     = @@character_set_client */;
/*!40101 SET character_set_client = utf8 */;
CREATE TABLE `user_body_type` (
  `id` bigint(20) NOT NULL AUTO_INCREMENT,
  `name` varchar(255) COLLATE utf8_unicode_ci NOT NULL,
  PRIMARY KEY (`id`)
) ENGINE=InnoDB AUTO_INCREMENT=5 DEFAULT CHARSET=utf8 COLLATE=utf8_unicode_ci;
/*!40101 SET character_set_client = @saved_cs_client */;

--
-- Dumping data for table `user_body_type`
--

LOCK TABLES `user_body_type` WRITE;
/*!40000 ALTER TABLE `user_body_type` DISABLE KEYS */;
INSERT INTO `user_body_type` VALUES (1,'Average'),(2,'Slim'),(3,'Few extra pounds'),(4,'Prefer not to say');
/*!40000 ALTER TABLE `user_body_type` ENABLE KEYS */;
UNLOCK TABLES;

--
-- Table structure for table `user_drinking`
--

DROP TABLE IF EXISTS `user_drinking`;
/*!40101 SET @saved_cs_client     = @@character_set_client */;
/*!40101 SET character_set_client = utf8 */;
CREATE TABLE `user_drinking` (
  `id` bigint(20) NOT NULL AUTO_INCREMENT,
  `name` varchar(255) COLLATE utf8_unicode_ci NOT NULL,
  PRIMARY KEY (`id`)
) ENGINE=InnoDB AUTO_INCREMENT=5 DEFAULT CHARSET=utf8 COLLATE=utf8_unicode_ci;
/*!40101 SET character_set_client = @saved_cs_client */;

--
-- Dumping data for table `user_drinking`
--

LOCK TABLES `user_drinking` WRITE;
/*!40000 ALTER TABLE `user_drinking` DISABLE KEYS */;
INSERT INTO `user_drinking` VALUES (1,'Yes'),(2,'No'),(3,'Socially'),(4,'Prefer not to say');
/*!40000 ALTER TABLE `user_drinking` ENABLE KEYS */;
UNLOCK TABLES;

--
-- Table structure for table `user_education`
--

DROP TABLE IF EXISTS `user_education`;
/*!40101 SET @saved_cs_client     = @@character_set_client */;
/*!40101 SET character_set_client = utf8 */;
CREATE TABLE `user_education` (
  `id` bigint(20) NOT NULL AUTO_INCREMENT,
  `name` varchar(255) COLLATE utf8_unicode_ci NOT NULL,
  PRIMARY KEY (`id`)
) ENGINE=InnoDB AUTO_INCREMENT=10 DEFAULT CHARSET=utf8 COLLATE=utf8_unicode_ci;
/*!40101 SET character_set_client = @saved_cs_client */;

--
-- Dumping data for table `user_education`
--

LOCK TABLES `user_education` WRITE;
/*!40000 ALTER TABLE `user_education` DISABLE KEYS */;
INSERT INTO `user_education` VALUES (1,'High School'),(2,'Some college'),(3,'Some University'),(4,'Associates degree'),(5,'Bachelors degree'),(6,'Masters degree'),(7,'PhD / Post Doctoral'),(8,'Graduate degree'),(9,'Prefer not to say');
/*!40000 ALTER TABLE `user_education` ENABLE KEYS */;
UNLOCK TABLES;

--
-- Table structure for table `user_ethnicity`
--

DROP TABLE IF EXISTS `user_ethnicity`;
/*!40101 SET @saved_cs_client     = @@character_set_client */;
/*!40101 SET character_set_client = utf8 */;
CREATE TABLE `user_ethnicity` (
  `id` bigint(20) NOT NULL AUTO_INCREMENT,
  `name` varchar(255) COLLATE utf8_unicode_ci NOT NULL,
  PRIMARY KEY (`id`)
) ENGINE=InnoDB AUTO_INCREMENT=11 DEFAULT CHARSET=utf8 COLLATE=utf8_unicode_ci;
/*!40101 SET character_set_client = @saved_cs_client */;

--
-- Dumping data for table `user_ethnicity`
--

LOCK TABLES `user_ethnicity` WRITE;
/*!40000 ALTER TABLE `user_ethnicity` DISABLE KEYS */;
INSERT INTO `user_ethnicity` VALUES (1,'Caucasian'),(2,'Black'),(3,'Hispanic'),(4,'Indian'),(5,'Middle Eastern'),(6,'Asian'),(8,'Mixed'),(9,'Other'),(10,'Prefer not to say');
/*!40000 ALTER TABLE `user_ethnicity` ENABLE KEYS */;
UNLOCK TABLES;

--
-- Table structure for table `user_eye_color`
--

DROP TABLE IF EXISTS `user_eye_color`;
/*!40101 SET @saved_cs_client     = @@character_set_client */;
/*!40101 SET character_set_client = utf8 */;
CREATE TABLE `user_eye_color` (
  `id` bigint(20) NOT NULL AUTO_INCREMENT,
  `name` varchar(255) COLLATE utf8_unicode_ci NOT NULL,
  PRIMARY KEY (`id`)
) ENGINE=InnoDB AUTO_INCREMENT=9 DEFAULT CHARSET=utf8 COLLATE=utf8_unicode_ci;
/*!40101 SET character_set_client = @saved_cs_client */;

--
-- Dumping data for table `user_eye_color`
--

LOCK TABLES `user_eye_color` WRITE;
/*!40000 ALTER TABLE `user_eye_color` DISABLE KEYS */;
INSERT INTO `user_eye_color` VALUES (1,'Black'),(2,'Blue'),(3,'Brown'),(4,'Gray'),(5,'Green'),(6,'Hazel'),(7,'Violet'),(8,'Prefer not to say');
/*!40000 ALTER TABLE `user_eye_color` ENABLE KEYS */;
UNLOCK TABLES;

--
-- Table structure for table `user_gallery`
--

DROP TABLE IF EXISTS `user_gallery`;
/*!40101 SET @saved_cs_client     = @@character_set_client */;
/*!40101 SET character_set_client = utf8 */;
CREATE TABLE `user_gallery` (
  `id` bigint(20) NOT NULL AUTO_INCREMENT,
  `user` bigint(20) DEFAULT NULL,
  `title` varchar(255) COLLATE utf8_unicode_ci NOT NULL,
  `is_default` tinyint(1) NOT NULL,
  PRIMARY KEY (`id`),
  KEY `IDX_1F2666308D93D649` (`user`),
  CONSTRAINT `FK_1F2666308D93D649` FOREIGN KEY (`user`) REFERENCES `user` (`id`)
) ENGINE=InnoDB AUTO_INCREMENT=108 DEFAULT CHARSET=utf8 COLLATE=utf8_unicode_ci;
/*!40101 SET character_set_client = @saved_cs_client */;

--
-- Dumping data for table `user_gallery`
--

LOCK TABLES `user_gallery` WRITE;
/*!40000 ALTER TABLE `user_gallery` DISABLE KEYS */;
INSERT INTO `user_gallery` VALUES (56,118,'Profile Images',1),(80,142,'Profile Images',1),(84,146,'Profile Images',1),(85,147,'Profile Images',1),(87,149,'Profile Images',1),(89,151,'Profile Images',1),(90,152,'Profile Images',1),(93,155,'Profile Images',1),(94,156,'Profile Images',1),(95,157,'Profile Images',1),(98,160,'Profile Images',1),(99,161,'Profile Images',1),(100,162,'Profile Images',1),(101,163,'Profile Images',1),(102,164,'Profile Images',1),(103,165,'Profile Images',1),(104,166,'Profile Images',1),(105,167,'Profile Images',1),(106,168,'Profile Images',1),(107,169,'Profile Images',1);
/*!40000 ALTER TABLE `user_gallery` ENABLE KEYS */;
UNLOCK TABLES;

--
-- Table structure for table `user_gender`
--

DROP TABLE IF EXISTS `user_gender`;
/*!40101 SET @saved_cs_client     = @@character_set_client */;
/*!40101 SET character_set_client = utf8 */;
CREATE TABLE `user_gender` (
  `id` bigint(20) NOT NULL AUTO_INCREMENT,
  `name` varchar(255) COLLATE utf8_unicode_ci NOT NULL,
  PRIMARY KEY (`id`)
) ENGINE=InnoDB AUTO_INCREMENT=3 DEFAULT CHARSET=utf8 COLLATE=utf8_unicode_ci;
/*!40101 SET character_set_client = @saved_cs_client */;

--
-- Dumping data for table `user_gender`
--

LOCK TABLES `user_gender` WRITE;
/*!40000 ALTER TABLE `user_gender` DISABLE KEYS */;
INSERT INTO `user_gender` VALUES (1,'Man'),(2,'Woman');
/*!40000 ALTER TABLE `user_gender` ENABLE KEYS */;
UNLOCK TABLES;

--
-- Table structure for table `user_hair_color`
--

DROP TABLE IF EXISTS `user_hair_color`;
/*!40101 SET @saved_cs_client     = @@character_set_client */;
/*!40101 SET character_set_client = utf8 */;
CREATE TABLE `user_hair_color` (
  `id` bigint(20) NOT NULL AUTO_INCREMENT,
  `name` varchar(255) COLLATE utf8_unicode_ci NOT NULL,
  PRIMARY KEY (`id`)
) ENGINE=InnoDB AUTO_INCREMENT=10 DEFAULT CHARSET=utf8 COLLATE=utf8_unicode_ci;
/*!40101 SET character_set_client = @saved_cs_client */;

--
-- Dumping data for table `user_hair_color`
--

LOCK TABLES `user_hair_color` WRITE;
/*!40000 ALTER TABLE `user_hair_color` DISABLE KEYS */;
INSERT INTO `user_hair_color` VALUES (1,'Black'),(2,'Blond'),(3,'Brown'),(4,'Gray'),(5,'Red'),(6,'White'),(7,'Bald'),(8,'Salt and Pepper'),(9,'Prefer not to say');
/*!40000 ALTER TABLE `user_hair_color` ENABLE KEYS */;
UNLOCK TABLES;

--
-- Table structure for table `user_have_children`
--

DROP TABLE IF EXISTS `user_have_children`;
/*!40101 SET @saved_cs_client     = @@character_set_client */;
/*!40101 SET character_set_client = utf8 */;
CREATE TABLE `user_have_children` (
  `id` bigint(20) NOT NULL AUTO_INCREMENT,
  `name` varchar(255) COLLATE utf8_unicode_ci NOT NULL,
  PRIMARY KEY (`id`)
) ENGINE=InnoDB AUTO_INCREMENT=4 DEFAULT CHARSET=utf8 COLLATE=utf8_unicode_ci;
/*!40101 SET character_set_client = @saved_cs_client */;

--
-- Dumping data for table `user_have_children`
--

LOCK TABLES `user_have_children` WRITE;
/*!40000 ALTER TABLE `user_have_children` DISABLE KEYS */;
INSERT INTO `user_have_children` VALUES (1,'Yes'),(2,'No'),(3,'Prefer not to say');
/*!40000 ALTER TABLE `user_have_children` ENABLE KEYS */;
UNLOCK TABLES;

--
-- Table structure for table `user_income`
--

DROP TABLE IF EXISTS `user_income`;
/*!40101 SET @saved_cs_client     = @@character_set_client */;
/*!40101 SET character_set_client = utf8 */;
CREATE TABLE `user_income` (
  `id` bigint(20) NOT NULL AUTO_INCREMENT,
  `name` varchar(255) COLLATE utf8_unicode_ci NOT NULL,
  PRIMARY KEY (`id`)
) ENGINE=InnoDB AUTO_INCREMENT=6 DEFAULT CHARSET=utf8 COLLATE=utf8_unicode_ci;
/*!40101 SET character_set_client = @saved_cs_client */;

--
-- Dumping data for table `user_income`
--

LOCK TABLES `user_income` WRITE;
/*!40000 ALTER TABLE `user_income` DISABLE KEYS */;
INSERT INTO `user_income` VALUES (1,'0-50k'),(2,'50-100k'),(3,'100-150k'),(4,'150k+'),(5,'Prefer not to say');
/*!40000 ALTER TABLE `user_income` ENABLE KEYS */;
UNLOCK TABLES;

--
-- Table structure for table `user_lives_with_children`
--

DROP TABLE IF EXISTS `user_lives_with_children`;
/*!40101 SET @saved_cs_client     = @@character_set_client */;
/*!40101 SET character_set_client = utf8 */;
CREATE TABLE `user_lives_with_children` (
  `id` bigint(20) NOT NULL AUTO_INCREMENT,
  `name` varchar(255) COLLATE utf8_unicode_ci NOT NULL,
  PRIMARY KEY (`id`)
) ENGINE=InnoDB AUTO_INCREMENT=4 DEFAULT CHARSET=utf8 COLLATE=utf8_unicode_ci;
/*!40101 SET character_set_client = @saved_cs_client */;

--
-- Dumping data for table `user_lives_with_children`
--

LOCK TABLES `user_lives_with_children` WRITE;
/*!40000 ALTER TABLE `user_lives_with_children` DISABLE KEYS */;
INSERT INTO `user_lives_with_children` VALUES (1,'Yes'),(2,'No'),(3,'Prefer not to say');
/*!40000 ALTER TABLE `user_lives_with_children` ENABLE KEYS */;
UNLOCK TABLES;

--
-- Table structure for table `user_looking_for`
--

DROP TABLE IF EXISTS `user_looking_for`;
/*!40101 SET @saved_cs_client     = @@character_set_client */;
/*!40101 SET character_set_client = utf8 */;
CREATE TABLE `user_looking_for` (
  `id` bigint(20) NOT NULL AUTO_INCREMENT,
  `name` varchar(255) COLLATE utf8_unicode_ci NOT NULL,
  PRIMARY KEY (`id`)
) ENGINE=InnoDB AUTO_INCREMENT=5 DEFAULT CHARSET=utf8 COLLATE=utf8_unicode_ci;
/*!40101 SET character_set_client = @saved_cs_client */;

--
-- Dumping data for table `user_looking_for`
--

LOCK TABLES `user_looking_for` WRITE;
/*!40000 ALTER TABLE `user_looking_for` DISABLE KEYS */;
INSERT INTO `user_looking_for` VALUES (1,'Serious relationship'),(2,'Casual dating'),(3,'Leisure and friends'),(4,'Dinner or drink');
/*!40000 ALTER TABLE `user_looking_for` ENABLE KEYS */;
UNLOCK TABLES;

--
-- Table structure for table `user_marital_status`
--

DROP TABLE IF EXISTS `user_marital_status`;
/*!40101 SET @saved_cs_client     = @@character_set_client */;
/*!40101 SET character_set_client = utf8 */;
CREATE TABLE `user_marital_status` (
  `id` bigint(20) NOT NULL AUTO_INCREMENT,
  `name` varchar(255) COLLATE utf8_unicode_ci NOT NULL,
  PRIMARY KEY (`id`)
) ENGINE=InnoDB AUTO_INCREMENT=9 DEFAULT CHARSET=utf8 COLLATE=utf8_unicode_ci;
/*!40101 SET character_set_client = @saved_cs_client */;

--
-- Dumping data for table `user_marital_status`
--

LOCK TABLES `user_marital_status` WRITE;
/*!40000 ALTER TABLE `user_marital_status` DISABLE KEYS */;
INSERT INTO `user_marital_status` VALUES (1,'Prefer not to say'),(2,'Single'),(3,'Separated'),(4,'In a relationship'),(5,'Married'),(6,'Divorced'),(7,'Widowed'),(8,'It\'s complicated');
/*!40000 ALTER TABLE `user_marital_status` ENABLE KEYS */;
UNLOCK TABLES;

--
-- Table structure for table `user_open_to_person_with_kids`
--

DROP TABLE IF EXISTS `user_open_to_person_with_kids`;
/*!40101 SET @saved_cs_client     = @@character_set_client */;
/*!40101 SET character_set_client = utf8 */;
CREATE TABLE `user_open_to_person_with_kids` (
  `id` bigint(20) NOT NULL AUTO_INCREMENT,
  `name` varchar(255) COLLATE utf8_unicode_ci NOT NULL,
  PRIMARY KEY (`id`)
) ENGINE=InnoDB AUTO_INCREMENT=5 DEFAULT CHARSET=utf8 COLLATE=utf8_unicode_ci;
/*!40101 SET character_set_client = @saved_cs_client */;

--
-- Dumping data for table `user_open_to_person_with_kids`
--

LOCK TABLES `user_open_to_person_with_kids` WRITE;
/*!40000 ALTER TABLE `user_open_to_person_with_kids` DISABLE KEYS */;
INSERT INTO `user_open_to_person_with_kids` VALUES (1,'Yes'),(2,'No'),(3,'Not sure'),(4,'Prefer not to say');
/*!40000 ALTER TABLE `user_open_to_person_with_kids` ENABLE KEYS */;
UNLOCK TABLES;

--
-- Table structure for table `user_profession`
--

DROP TABLE IF EXISTS `user_profession`;
/*!40101 SET @saved_cs_client     = @@character_set_client */;
/*!40101 SET character_set_client = utf8 */;
CREATE TABLE `user_profession` (
  `id` bigint(20) NOT NULL AUTO_INCREMENT,
  `name` varchar(255) COLLATE utf8_unicode_ci NOT NULL,
  PRIMARY KEY (`id`)
) ENGINE=InnoDB AUTO_INCREMENT=33 DEFAULT CHARSET=utf8 COLLATE=utf8_unicode_ci;
/*!40101 SET character_set_client = @saved_cs_client */;

--
-- Dumping data for table `user_profession`
--

LOCK TABLES `user_profession` WRITE;
/*!40000 ALTER TABLE `user_profession` DISABLE KEYS */;
INSERT INTO `user_profession` VALUES (1,'Accounting'),(2,'Architecture'),(3,'Attorney'),(4,'Blue Collar'),(5,'Business Owner'),(6,'City/Government'),(7,'Education'),(8,'Engineer'),(9,'Finance'),(10,'Fireman'),(11,'Human resources'),(12,'Internet/Entrepreneur'),(13,'IT/Science'),(14,'Management'),(15,'Marketing'),(16,'Medical'),(18,'Police'),(19,'Professional'),(20,'Project Management'),(21,'Real estate/Investment'),(22,'Research'),(23,'Retired'),(24,'Sales'),(25,'Self-employed'),(26,'Sport'),(27,'Student'),(28,'Theater/Modeling'),(29,'Travel /Life Style'),(30,'Transportation'),(31,'Prefer not to say'),(32,'Other');
/*!40000 ALTER TABLE `user_profession` ENABLE KEYS */;
UNLOCK TABLES;

--
-- Table structure for table `user_profile`
--

DROP TABLE IF EXISTS `user_profile`;
/*!40101 SET @saved_cs_client     = @@character_set_client */;
/*!40101 SET character_set_client = utf8 */;
CREATE TABLE `user_profile` (
  `id` bigint(20) NOT NULL AUTO_INCREMENT,
  `user` bigint(20) DEFAULT NULL,
  `birthdate` datetime DEFAULT NULL,
  `education` bigint(20) DEFAULT NULL,
  `profession` bigint(20) DEFAULT NULL,
  `income` bigint(20) DEFAULT NULL,
  `religion` bigint(20) DEFAULT NULL,
  `telephone` varchar(50) COLLATE utf8_unicode_ci DEFAULT NULL,
  `mobile` varchar(50) COLLATE utf8_unicode_ci DEFAULT NULL,
  `interests_and_hobbies` varchar(1000) COLLATE utf8_unicode_ci DEFAULT NULL,
  `marital_status` bigint(20) DEFAULT NULL,
  `height` int(11) DEFAULT NULL,
  `originally_from` int(11) DEFAULT NULL,
  `eye_color` bigint(20) DEFAULT NULL,
  `hair_color` bigint(20) DEFAULT NULL,
  `smoking` bigint(20) DEFAULT NULL,
  `drinking` bigint(20) DEFAULT NULL,
  `have_children` bigint(20) DEFAULT NULL,
  `want_children` bigint(20) DEFAULT NULL,
  `open_to_person_with_kids` bigint(20) DEFAULT NULL,
  `ethnicity` bigint(20) DEFAULT NULL,
  `about_me` varchar(1000) COLLATE utf8_unicode_ci DEFAULT NULL,
  `country` int(11) DEFAULT NULL,
  `state` int(11) DEFAULT NULL,
  `gender` bigint(20) DEFAULT NULL,
  `lives_wit_children` bigint(20) DEFAULT NULL,
  `seek` bigint(20) DEFAULT NULL,
  `amazon_id` varchar(255) COLLATE utf8_unicode_ci DEFAULT NULL,
  `facebook_id` varchar(255) COLLATE utf8_unicode_ci DEFAULT NULL,
  `google_id` varchar(255) COLLATE utf8_unicode_ci DEFAULT NULL,
  `twitter_id` varchar(255) COLLATE utf8_unicode_ci DEFAULT NULL,
  `avatar` varchar(200) COLLATE utf8_unicode_ci DEFAULT NULL,
  `zodiac` bigint(20) DEFAULT NULL,
  `looking_for_description` varchar(1000) COLLATE utf8_unicode_ci DEFAULT NULL,
  `education_ivy_league` tinyint(1) DEFAULT NULL,
  `body_type` bigint(20) DEFAULT NULL,
  `city` varchar(50) COLLATE utf8_unicode_ci DEFAULT NULL,
  `zip` varchar(50) COLLATE utf8_unicode_ci DEFAULT NULL,
  `originally_from_city` varchar(50) COLLATE utf8_unicode_ci DEFAULT NULL,
  `ivy_League_university` varchar(255) COLLATE utf8_unicode_ci DEFAULT NULL,
  PRIMARY KEY (`id`),
  UNIQUE KEY `UNIQ_D95AB4058D93D649` (`user`),
  KEY `IDX_D95AB4055373C966` (`country`),
  KEY `IDX_D95AB405A393D2FB` (`state`),
  KEY `IDX_D95AB405DB0A5ED2` (`education`),
  KEY `IDX_D95AB405BA930D69` (`profession`),
  KEY `IDX_D95AB4051055F4F9` (`religion`),
  KEY `IDX_D95AB405F6B06AA8` (`marital_status`),
  KEY `IDX_D95AB405C7470A42` (`gender`),
  KEY `IDX_D95AB405C7C03C6A` (`eye_color`),
  KEY `IDX_D95AB405835DC651` (`hair_color`),
  KEY `IDX_D95AB4056C6DDBAF` (`smoking`),
  KEY `IDX_D95AB405C00415EB` (`drinking`),
  KEY `IDX_D95AB405A074D826` (`have_children`),
  KEY `IDX_D95AB405EF5A6491` (`want_children`),
  KEY `IDX_D95AB4052677FDDB` (`lives_wit_children`),
  KEY `IDX_D95AB4054E99867D` (`open_to_person_with_kids`),
  KEY `IDX_D95AB405CA7DEB93` (`ethnicity`),
  KEY `IDX_D95AB405D438FE97` (`seek`),
  KEY `IDX_D95AB4055B069567` (`zodiac`),
  KEY `IDX_D95AB405750547C3` (`originally_from`),
  KEY `IDX_D95AB405D95AEB4B` (`body_type`),
  KEY `IDX_D95AB4053FA862D0` (`income`),
  CONSTRAINT `FK_D95AB4051055F4F9` FOREIGN KEY (`religion`) REFERENCES `user_religion` (`id`),
  CONSTRAINT `FK_D95AB4052677FDDB` FOREIGN KEY (`lives_wit_children`) REFERENCES `user_lives_with_children` (`id`),
  CONSTRAINT `FK_D95AB4053FA862D0` FOREIGN KEY (`income`) REFERENCES `user_income` (`id`),
  CONSTRAINT `FK_D95AB4054E99867D` FOREIGN KEY (`open_to_person_with_kids`) REFERENCES `user_open_to_person_with_kids` (`id`),
  CONSTRAINT `FK_D95AB4055373C966` FOREIGN KEY (`country`) REFERENCES `country` (`id`),
  CONSTRAINT `FK_D95AB4055B069567` FOREIGN KEY (`zodiac`) REFERENCES `user_zodiac` (`id`),
  CONSTRAINT `FK_D95AB4056C6DDBAF` FOREIGN KEY (`smoking`) REFERENCES `user_smoking` (`id`),
  CONSTRAINT `FK_D95AB405750547C3` FOREIGN KEY (`originally_from`) REFERENCES `country` (`id`),
  CONSTRAINT `FK_D95AB405835DC651` FOREIGN KEY (`hair_color`) REFERENCES `user_hair_color` (`id`),
  CONSTRAINT `FK_D95AB4058D93D649` FOREIGN KEY (`user`) REFERENCES `user` (`id`),
  CONSTRAINT `FK_D95AB405A074D826` FOREIGN KEY (`have_children`) REFERENCES `user_have_children` (`id`),
  CONSTRAINT `FK_D95AB405A393D2FB` FOREIGN KEY (`state`) REFERENCES `state` (`id`),
  CONSTRAINT `FK_D95AB405BA930D69` FOREIGN KEY (`profession`) REFERENCES `user_profession` (`id`),
  CONSTRAINT `FK_D95AB405C00415EB` FOREIGN KEY (`drinking`) REFERENCES `user_drinking` (`id`),
  CONSTRAINT `FK_D95AB405C7470A42` FOREIGN KEY (`gender`) REFERENCES `user_gender` (`id`),
  CONSTRAINT `FK_D95AB405C7C03C6A` FOREIGN KEY (`eye_color`) REFERENCES `user_eye_color` (`id`),
  CONSTRAINT `FK_D95AB405CA7DEB93` FOREIGN KEY (`ethnicity`) REFERENCES `user_ethnicity` (`id`),
  CONSTRAINT `FK_D95AB405D438FE97` FOREIGN KEY (`seek`) REFERENCES `user_gender` (`id`),
  CONSTRAINT `FK_D95AB405D95AEB4B` FOREIGN KEY (`body_type`) REFERENCES `user_body_type` (`id`),
  CONSTRAINT `FK_D95AB405DB0A5ED2` FOREIGN KEY (`education`) REFERENCES `user_education` (`id`),
  CONSTRAINT `FK_D95AB405EF5A6491` FOREIGN KEY (`want_children`) REFERENCES `user_want_children` (`id`),
  CONSTRAINT `FK_D95AB405F6B06AA8` FOREIGN KEY (`marital_status`) REFERENCES `user_marital_status` (`id`)
) ENGINE=InnoDB AUTO_INCREMENT=148 DEFAULT CHARSET=utf8 COLLATE=utf8_unicode_ci;
/*!40101 SET character_set_client = @saved_cs_client */;

--
-- Dumping data for table `user_profile`
--

LOCK TABLES `user_profile` WRITE;
/*!40000 ALTER TABLE `user_profile` DISABLE KEYS */;
INSERT INTO `user_profile` VALUES (96,118,NULL,5,13,4,11,NULL,NULL,'Interests and hobbies',1,200,643,5,1,2,1,2,1,2,5,'About me',840,3714,1,2,2,NULL,NULL,NULL,NULL,'/uploads/user/profile/118/545c991763262.jpg',1,NULL,0,3,'Some City','44444','Moskow',NULL),(120,142,'1975-01-01 00:00:00',1,22,NULL,1,NULL,NULL,'Various',2,170,643,2,1,2,3,1,1,1,1,'Looking for a man',840,3714,2,1,1,NULL,NULL,NULL,NULL,'/uploads/user/profile/142/54b8969d6900d.jpg',10,NULL,0,2,'brooklyn','11234','Moscow',NULL),(124,146,'1974-12-01 00:00:00',5,9,NULL,1,NULL,NULL,'Theater, fine dining, picnics, concerts and many more',2,182,NULL,5,1,1,1,1,1,3,1,'Very curious about the world. Looking for  generous, fun,educated and calm. Looking for single and non single  parents to mingle and enjoy life',840,3714,2,NULL,1,NULL,NULL,NULL,NULL,'/uploads/user/profile/146/55667bced1996.jpg',10,NULL,0,2,'Brooklyn','11235',NULL,NULL),(125,147,'1975-03-01 00:00:00',2,30,NULL,1,NULL,NULL,'many many various interests',2,182,643,3,3,2,3,1,1,NULL,1,'Looking for a serious relationship',840,3714,1,NULL,2,NULL,NULL,NULL,NULL,'/uploads/user/profile/147/54c6fccfb3380.JPG',12,NULL,0,1,'Brooklyn','11235',NULL,NULL),(127,149,'1984-11-17 00:00:00',6,1,2,5,NULL,NULL,'Cinema, dining, art & culture, kickboxing, tennis, skiing alpine and nordic.',2,191,250,6,3,2,3,2,1,2,1,'A little bit about me... I\'ve lived in Europe and have been living in nyc for over 3 years now. I work for a executive search firm which caters to investment and marketing professionals at hedge funds. I enjoy going out meeting with friends at bars and dating.',840,3714,1,2,2,NULL,NULL,NULL,NULL,NULL,8,NULL,0,1,'New York','10029','Paris',NULL),(129,151,'1963-04-21 00:00:00',2,1,NULL,1,NULL,NULL,NULL,6,161,840,4,2,2,3,1,2,1,9,NULL,840,3714,2,2,NULL,NULL,NULL,NULL,NULL,'/uploads/user/profile/151/54e0c86356ffd.JPG',2,NULL,0,2,'Brooklyn','11235',NULL,NULL),(130,152,'1964-05-25 00:00:00',NULL,NULL,NULL,NULL,NULL,NULL,NULL,NULL,NULL,NULL,NULL,NULL,NULL,NULL,NULL,NULL,NULL,1,NULL,840,3714,1,NULL,NULL,NULL,NULL,NULL,NULL,NULL,NULL,NULL,0,NULL,'Brooklyn','11201',NULL,NULL),(133,155,'1975-12-24 00:00:00',5,9,NULL,1,NULL,NULL,'too many to list',2,173,643,2,3,2,3,1,1,1,1,'hi \r\ni live in nyc, originally from moscow',840,3714,2,1,1,NULL,NULL,NULL,NULL,'/uploads/user/profile/155/55271de7e68ea.jpg',10,NULL,0,1,'brooklyn','11235','Moscow',NULL),(134,156,'1979-03-29 00:00:00',5,6,2,1,NULL,NULL,'Languages, swimming, travelling, history, politics.',2,176,804,3,3,2,3,2,1,1,1,'Hello girls thanks for stopping by!! I’m a creative, fun-loving, energetic and active guy whose favorite words – IN ANY LANGUAGE – are, “Please proceed to your gate for departure”. I’ve been bitten HARD by the travel bug and have been lucky enough to visit every continent (well… I love going out, meeting new people and generally getting the most out of life – whether that’s trying new bars and restaurants or picking up a new hobby. I\'m definitely looking for a love and getting swept up in a new relationship.! who is in love with life and open to exploring all its possibilities!! You should shoot me a message if you are fun-loving and up for anything.',840,3714,1,2,2,NULL,NULL,NULL,NULL,'/uploads/user/profile/156/553a9b1f3c90c.jpeg',1,NULL,0,3,'Brooklyn','11229','Kiev',NULL),(135,157,'1963-04-04 00:00:00',5,6,NULL,16,NULL,NULL,'Various, sport active',6,179,643,3,3,2,3,1,4,1,10,'Original from Moscow, 25 years in USA, honest, loyal,down-to-earth, open mind, professional and financially secured, \r\nintelligent, love sport, with good sense of humor, optimistic, friendly and easy-going.',840,3714,1,2,2,NULL,NULL,NULL,NULL,'/uploads/user/profile/157/553bcfcb48ec0.JPG',1,NULL,0,1,'New York','11235',NULL,NULL),(138,160,'1955-11-21 00:00:00',6,15,NULL,4,NULL,NULL,'Books, movies, gym, swimming, art, healthy living, Reiki practitioner',6,182,NULL,8,7,2,3,1,2,1,1,'I think that in an ideal relationship two people share similar dreams and ideals and passions. They don\'t have to enjoy exactly the same activities or share exactly the same interests, but they should be willing to learn about each other\'s passions and have the capacity to grow wiser together. I also believe that the purpose of relationship is not to have another who might complete you, but to have another whom you might share your completeness with.\r\n\r\nBTW, I was born in Moscow. Been living in Stamford, Connecticut for 26+ years',840,3686,1,2,2,NULL,NULL,NULL,NULL,'/uploads/user/profile/160/557077431d471.jpg',8,NULL,0,1,'Stamford','06902',NULL,NULL),(139,161,'1972-06-11 00:00:00',6,6,2,5,NULL,NULL,'Movies, music, visiting romantic/historical places',2,176,840,3,1,2,2,2,1,1,3,'Like to visit romantic places',840,3714,1,2,2,NULL,NULL,NULL,NULL,'/uploads/user/profile/161/55722bf6c0d38.JPG',2,NULL,0,1,'Brooklyn','11223','Brooklyn',NULL),(140,162,'1967-08-01 00:00:00',7,9,1,1,NULL,NULL,'sfsfsdfsdf',1,112,NULL,2,1,2,2,2,2,1,1,'fdfsfgs',840,3714,1,2,2,NULL,NULL,NULL,NULL,NULL,6,NULL,0,1,'Manhattan','10001',NULL,NULL),(141,163,'1915-01-01 00:00:00',8,13,1,16,NULL,NULL,'a',5,103,NULL,1,1,1,1,1,1,4,9,'a',804,3467,1,1,1,NULL,NULL,NULL,NULL,NULL,12,NULL,1,1,'45','@#$@#$%@#^',NULL,'dsaf'),(142,164,'1999-11-19 00:00:00',1,3,NULL,15,NULL,NULL,'relevant',4,103,NULL,8,8,2,1,1,1,1,9,'adfsafkjhsgafjrelevant re',124,526,2,2,1,NULL,NULL,NULL,NULL,NULL,10,NULL,0,2,'sadfa','dfsadfsdf',NULL,NULL),(143,165,'1915-01-01 00:00:00',1,3,4,15,NULL,NULL,'sadf',5,142,NULL,7,8,3,3,2,2,1,8,'sadf',804,3467,2,1,2,NULL,NULL,NULL,NULL,NULL,10,NULL,1,1,'asd','asdf',NULL,'asdf'),(144,166,'1988-01-01 00:00:00',9,20,4,1,NULL,NULL,'ouisdruihewrfgdopj',2,145,840,8,9,1,1,2,2,3,9,'sdfgsaewtguh',124,526,1,2,2,NULL,NULL,NULL,NULL,NULL,11,NULL,1,1,'sadfsda','sdfsadf',NULL,NULL),(145,167,'1988-01-01 00:00:00',9,14,4,7,NULL,NULL,'http://192.168.1.55/Pictures/http://192.168.1.55/Pictures/',1,218,NULL,3,2,1,1,2,2,2,9,'http://192.168.1.55/Pictures/http://192.168.1.55/Pictures/http://192.168.1.55/Pictures/',840,3714,1,2,2,NULL,NULL,NULL,NULL,'/uploads/user/profile/167/55a663c1578c0.jpg',11,NULL,0,4,'bathinda','151002',NULL,NULL),(146,168,'1915-01-01 00:00:00',9,31,5,16,NULL,NULL,'dsflkgj',2,145,NULL,8,9,4,4,3,4,4,10,'dfgh',380,1468,2,3,1,NULL,NULL,NULL,NULL,NULL,13,NULL,1,4,'sdf','sadf',NULL,NULL),(147,169,'1975-02-01 00:00:00',5,9,NULL,11,NULL,NULL,'many',2,173,643,2,3,2,3,1,1,1,1,'Enjoying life',840,3714,2,1,1,NULL,NULL,NULL,NULL,'/uploads/user/profile/169/55b702419c9fd.jpg',10,NULL,0,1,'brooklyn','11235','Moscow',NULL);
/*!40000 ALTER TABLE `user_profile` ENABLE KEYS */;
UNLOCK TABLES;

--
-- Table structure for table `user_profile_language`
--

DROP TABLE IF EXISTS `user_profile_language`;
/*!40101 SET @saved_cs_client     = @@character_set_client */;
/*!40101 SET character_set_client = utf8 */;
CREATE TABLE `user_profile_language` (
  `profile_id` bigint(20) NOT NULL,
  `language_id` int(11) NOT NULL,
  PRIMARY KEY (`profile_id`,`language_id`),
  KEY `IDX_50A452D9CCFA12B8` (`profile_id`),
  KEY `IDX_50A452D982F1BAF4` (`language_id`),
  CONSTRAINT `FK_50A452D982F1BAF4` FOREIGN KEY (`language_id`) REFERENCES `language` (`id`) ON DELETE CASCADE,
  CONSTRAINT `FK_50A452D9CCFA12B8` FOREIGN KEY (`profile_id`) REFERENCES `user_profile` (`id`) ON DELETE CASCADE
) ENGINE=InnoDB DEFAULT CHARSET=utf8 COLLATE=utf8_unicode_ci;
/*!40101 SET character_set_client = @saved_cs_client */;

--
-- Dumping data for table `user_profile_language`
--

LOCK TABLES `user_profile_language` WRITE;
/*!40000 ALTER TABLE `user_profile_language` DISABLE KEYS */;
INSERT INTO `user_profile_language` VALUES (143,14),(96,15),(120,15),(124,15),(125,15),(127,15),(133,15),(134,15),(135,15),(138,15),(139,15),(140,15),(144,15),(146,15),(147,15),(127,19),(134,19),(141,21),(142,21),(134,48),(141,48),(142,48),(96,52),(120,52),(124,52),(125,52),(129,52),(133,52),(134,52),(135,52),(138,52),(140,52),(147,52),(134,57),(139,57),(134,63),(143,63);
/*!40000 ALTER TABLE `user_profile_language` ENABLE KEYS */;
UNLOCK TABLES;

--
-- Table structure for table `user_religion`
--

DROP TABLE IF EXISTS `user_religion`;
/*!40101 SET @saved_cs_client     = @@character_set_client */;
/*!40101 SET character_set_client = utf8 */;
CREATE TABLE `user_religion` (
  `id` bigint(20) NOT NULL AUTO_INCREMENT,
  `name` varchar(255) COLLATE utf8_unicode_ci NOT NULL,
  `priority` int(11) DEFAULT NULL,
  PRIMARY KEY (`id`)
) ENGINE=InnoDB AUTO_INCREMENT=17 DEFAULT CHARSET=utf8 COLLATE=utf8_unicode_ci;
/*!40101 SET character_set_client = @saved_cs_client */;

--
-- Dumping data for table `user_religion`
--

LOCK TABLES `user_religion` WRITE;
/*!40000 ALTER TABLE `user_religion` DISABLE KEYS */;
INSERT INTO `user_religion` VALUES (1,'Non-religious',10),(3,'Muslim',3),(4,'Jewish',9),(5,'Catholic',8),(6,'Buddhist',7),(7,'Hindu',6),(11,'Christian-Orthodox',5),(12,'Baptist',4),(15,'Other',0),(16,'Prefer not to say',1);
/*!40000 ALTER TABLE `user_religion` ENABLE KEYS */;
UNLOCK TABLES;

--
-- Table structure for table `user_smoking`
--

DROP TABLE IF EXISTS `user_smoking`;
/*!40101 SET @saved_cs_client     = @@character_set_client */;
/*!40101 SET character_set_client = utf8 */;
CREATE TABLE `user_smoking` (
  `id` bigint(20) NOT NULL AUTO_INCREMENT,
  `name` varchar(255) COLLATE utf8_unicode_ci NOT NULL,
  PRIMARY KEY (`id`)
) ENGINE=InnoDB AUTO_INCREMENT=5 DEFAULT CHARSET=utf8 COLLATE=utf8_unicode_ci;
/*!40101 SET character_set_client = @saved_cs_client */;

--
-- Dumping data for table `user_smoking`
--

LOCK TABLES `user_smoking` WRITE;
/*!40000 ALTER TABLE `user_smoking` DISABLE KEYS */;
INSERT INTO `user_smoking` VALUES (1,'Yes'),(2,'No'),(3,'Occasionally'),(4,'Prefer not to say');
/*!40000 ALTER TABLE `user_smoking` ENABLE KEYS */;
UNLOCK TABLES;

--
-- Table structure for table `user_want_children`
--

DROP TABLE IF EXISTS `user_want_children`;
/*!40101 SET @saved_cs_client     = @@character_set_client */;
/*!40101 SET character_set_client = utf8 */;
CREATE TABLE `user_want_children` (
  `id` bigint(20) NOT NULL AUTO_INCREMENT,
  `name` varchar(255) COLLATE utf8_unicode_ci NOT NULL,
  PRIMARY KEY (`id`)
) ENGINE=InnoDB AUTO_INCREMENT=5 DEFAULT CHARSET=utf8 COLLATE=utf8_unicode_ci;
/*!40101 SET character_set_client = @saved_cs_client */;

--
-- Dumping data for table `user_want_children`
--

LOCK TABLES `user_want_children` WRITE;
/*!40000 ALTER TABLE `user_want_children` DISABLE KEYS */;
INSERT INTO `user_want_children` VALUES (1,'Yes'),(2,'No'),(3,'I\'m not sure'),(4,'Prefer not to say');
/*!40000 ALTER TABLE `user_want_children` ENABLE KEYS */;
UNLOCK TABLES;

--
-- Table structure for table `user_zodiac`
--

DROP TABLE IF EXISTS `user_zodiac`;
/*!40101 SET @saved_cs_client     = @@character_set_client */;
/*!40101 SET character_set_client = utf8 */;
CREATE TABLE `user_zodiac` (
  `id` bigint(20) NOT NULL AUTO_INCREMENT,
  `name` varchar(255) COLLATE utf8_unicode_ci NOT NULL,
  PRIMARY KEY (`id`)
) ENGINE=InnoDB AUTO_INCREMENT=14 DEFAULT CHARSET=utf8 COLLATE=utf8_unicode_ci;
/*!40101 SET character_set_client = @saved_cs_client */;

--
-- Dumping data for table `user_zodiac`
--

LOCK TABLES `user_zodiac` WRITE;
/*!40000 ALTER TABLE `user_zodiac` DISABLE KEYS */;
INSERT INTO `user_zodiac` VALUES (1,'Aries'),(2,'Taurus'),(3,'Gemini'),(4,'Cancer'),(5,'Leo'),(6,'Virgo'),(7,'Libra'),(8,'Scorpio'),(9,'Sagittarius'),(10,'Capricorn'),(11,'Aquarius'),(12,'Pisces'),(13,'Prefer not to say');
/*!40000 ALTER TABLE `user_zodiac` ENABLE KEYS */;
UNLOCK TABLES;
/*!40103 SET TIME_ZONE=@OLD_TIME_ZONE */;

/*!40101 SET SQL_MODE=@OLD_SQL_MODE */;
/*!40014 SET FOREIGN_KEY_CHECKS=@OLD_FOREIGN_KEY_CHECKS */;
/*!40014 SET UNIQUE_CHECKS=@OLD_UNIQUE_CHECKS */;
/*!40101 SET CHARACTER_SET_CLIENT=@OLD_CHARACTER_SET_CLIENT */;
/*!40101 SET CHARACTER_SET_RESULTS=@OLD_CHARACTER_SET_RESULTS */;
/*!40101 SET COLLATION_CONNECTION=@OLD_COLLATION_CONNECTION */;
/*!40111 SET SQL_NOTES=@OLD_SQL_NOTES */;

-- Dump completed on 2015-07-30 10:00:32
